Workbook
Name A._BẢO_DƯỠNG_THƯỜNG_XUYÊN_TÀI_SẢN_KCHTHK_DO_NHÀ_NƯỚC_ĐẦU_TƯ__QUẢN_LÝ: 'TỔNG HỢP'!#REF!
Name A._BẢO_DƯỠNG_THƯỜNG_XUYÊN_TÀI_SẢN_KCHTHK_DO_NHÀ_NƯỚC_ĐẦU_TƯ__QUẢN_LÝ: #REF!
Name B._BẢO_TRÌ_TTB_PHỤC_VỤ_CHO_HOẠT_ĐỘNG_KHAI_THÁC_TÀI_SẢN_KCHTHK__Tài_sản_Nhà_nước: 'TỔNG HỢP'!#REF!
Name B._BẢO_TRÌ_TTB_PHỤC_VỤ_CHO_HOẠT_ĐỘNG_KHAI_THÁC_TÀI_SẢN_KCHTHK__Tài_sản_Nhà_nước: #REF!
Name Chi_phí_cắt_cỏ__nạo_vét_mương_thoát_nước: 'TỔNG HỢP'!$B$7
Name Chi_phí_cắt_cỏ__nạo_vét_mương_thoát_nước: #REF!
Name Chi_phí_sửa_chữa_mương_thoát_nước: 'TỔNG HỢP'!$B$6
Name Chi_phí_sửa_chữa_mương_thoát_nước: #REF!
Name SCTX_MÁY_MÓC_THIẾT_BỊ: 'TỔNG HỢP'!$B$12
Name SCTX_MÁY_MÓC_THIẾT_BỊ: #REF!
Name Sửa_chữa_bến_bãi_ô_tô__sân_đường: 'TỔNG HỢP'!$B$5
Name Sửa_chữa_bến_bãi_ô_tô__sân_đường: #REF!
Name Sửa_chữa_hàng_rào: 'TỔNG HỢP'!$B$9
Name Sửa_chữa_hàng_rào: #REF!
Name Sửa_chữa_hệ_thống_băng_chuyền: 'TỔNG HỢP'!$B$13
Name Sửa_chữa_hệ_thống_băng_chuyền: #REF!
Name Sửa_chữa_hệ_thống_camera__CCTV: 'TỔNG HỢP'!$B$29
Name Sửa_chữa_hệ_thống_camera__CCTV: #REF!
Name Sửa_chữa_hệ_thống_cấp_nước: 'TỔNG HỢP'!$B$25
Name Sửa_chữa_hệ_thống_cấp_nước: #REF!
Name Sửa_chữa_hệ_thống_máy_móc__thiết_bị_làm_thủ_tục: 'TỔNG HỢP'!$B$18
Name Sửa_chữa_hệ_thống_máy_móc__thiết_bị_làm_thủ_tục: #REF!
Name Sửa_chữa_hệ_thống_ống_lồng: 'TỔNG HỢP'!$B$14
Name Sửa_chữa_hệ_thống_ống_lồng: #REF!
Name Sửa_chữa_hệ_thống_quầy_thủ_tục__thiết_bị_nội_thất: 'TỔNG HỢP'!$B$17
Name Sửa_chữa_hệ_thống_quầy_thủ_tục__thiết_bị_nội_thất: #REF!
Name Sửa_chữa_hệ_thống_thang_cuốn__thang_máy: 'TỔNG HỢP'!$B$15
Name Sửa_chữa_hệ_thống_thang_cuốn__thang_máy: #REF!
Name Sửa_chữa_hệ_thống_thiết_bị_phục_vụ_máy_bay: 'TỔNG HỢP'!$B$28
Name Sửa_chữa_hệ_thống_thiết_bị_phục_vụ_máy_bay: #REF!
Name Sửa_chữa_hệ_thống_thiết_bị_vệ_sinh: 'TỔNG HỢP'!$B$19
Name Sửa_chữa_hệ_thống_thiết_bị_vệ_sinh: #REF!
Name Sửa_chữa_hệ_thống_thoát_nước: 'TỔNG HỢP'!$B$26
Name Sửa_chữa_hệ_thống_thoát_nước: #REF!
Name Sửa_chữa_hệ_thống_thông_tin_liên_lạc: 'TỔNG HỢP'!$B$16
Name Sửa_chữa_hệ_thống_thông_tin_liên_lạc: #REF!
Name Sửa_chữa_hệ_thống_trạm_thu_phí: 'TỔNG HỢP'!$B$27
Name Sửa_chữa_hệ_thống_trạm_thu_phí: #REF!
Name Sửa_chữa_hệ_thống_xử_lý_chất_thải: 'TỔNG HỢP'!$B$24
Name Sửa_chữa_hệ_thống_xử_lý_chất_thải: #REF!
Name Sửa_chữa_máy_móc__thiết_bị___hệ_thống_thiết_bị_điện: 'TỔNG HỢP'!$B$21
Name Sửa_chữa_máy_móc__thiết_bị___hệ_thống_thiết_bị_điện: #REF!
Name Sửa_chữa_máy_móc__thiết_bị___hệ_thống_thiết_bị_lạnh: 'TỔNG HỢP'!$B$22
Name Sửa_chữa_máy_móc__thiết_bị___hệ_thống_thiết_bị_lạnh: #REF!
Name Sửa_chữa_máy_móc_thiết_bị_kiểm_tra_an_ninh: 'TỔNG HỢP'!$B$20
Name Sửa_chữa_máy_móc_thiết_bị_kiểm_tra_an_ninh: #REF!
Name Sửa_chữa_máy_móc_thiết_bị_khác: 'TỔNG HỢP'!$B$30
Name Sửa_chữa_máy_móc_thiết_bị_khác: #REF!
Name Sửa_chữa_nhà_cửa__vật_kiến_trúc_khác: 'TỔNG HỢP'!$B$10
Name Sửa_chữa_nhà_cửa__vật_kiến_trúc_khác: #REF!
Name Sửa_chữa_nhà_ga_quốc_nội: #REF!
Name Sửa_chữa_phương_tiện_vận_tải_đặc_chủng_phục_vụ_bay: 'TỔNG HỢP'!$B$32
Name Sửa_chữa_phương_tiện_vận_tải_đặc_chủng_phục_vụ_bay: #REF!
Name Sửa_chữa_phương_tiện_vận_tải_khác: 'TỔNG HỢP'!$B$36
Name Sửa_chữa_phương_tiện_vận_tải_khác: #REF!
Name Sửa_chữa_thiết_bị_PCCC: 'TỔNG HỢP'!$B$23
Name Sửa_chữa_thiết_bị_PCCC: #REF!
Name Sửa_chữa_xe_cứu_hỏa__cứu_thương__xe_chuyên_dùng: 'TỔNG HỢP'!$B$33
Name Sửa_chữa_xe_cứu_hỏa__cứu_thương__xe_chuyên_dùng: #REF!
Name Sửa_chữa_xe_ô_tô__khối_gián_tiếp: 'TỔNG HỢP'!$B$35

Sheet INFO
A1: NƠI NHẬP DỮ TIỆU TỪ PHẦN MỀM KẾ TOÁN BRAVO ĐỂ SO SÁNH
D2: Giá trị | E2: Tỷ lệ | F2: Giá trị | G2: Tỷ lệ | H2: Chi phí sản xuất kinh doanh
A3: Chi phí sản xuất kinh doanh | C3: 138892000000 | D3: 122874800784 | E3: 0.88467875 | F3: 122874800784 | G3: 0.88467875 | H3: Chi phí nhân viên
A4: Chi phí nhân viên | C4: 7349000000 | D4: 35334505031 | E4: 4.8080698 | F4: 35334505031 | G4: 4.8080698 | H4: Chi phí tiền lương
A5: Chi phí tiền lương | B5: 62711 | C5: 0 | D5: 30245273915 | E5: 0 | F5: 30245273915 | G5: 0 | H5: Thưởng an toàn hàng không
A6: Phụ cấp đội PCCC cơ sở | B6: 627121 | C6: 0 | E6: 0 | G6: 0 | H6: Tiền ăn giữa ca
A7: Phụ cấp an toàn, vệ sinh viên | B7: 627122 | C7: 26000000 | D7: 17028000 | E7: 0.6549 | F7: 17028000 | G7: 0.6549 | H7: Kinh phí công đoàn
A8: Tiền ăn giữa ca | B8: 62713 | C8: 3208000000 | D8: 1995540000 | E8: 0.6221 | F8: 1995540000 | G8: 0.6221 | H8: Chi phí bảo hiểm xã hội
A9: Kinh phí công đoàn | B9: 62714 | C9: 323000000 | D9: 261355318 | E9: 0.8091 | F9: 261355318 | G9: 0.8091 | H9: Chi phí bảo hiểm y tế
A10: Chi phí bảo hiểm xã hội | B10: 62715 | C10: 3086000000 | D10: 2292390622 | E10: 0.7428 | F10: 2292390622 | G10: 0.7428 | H10: Chi phí bảo hiểm thất nghiệp
A11: Chi phí bảo hiểm y tế | B11: 62716 | C11: 529000000 | D11: 392239517 | E11: 0.7415 | F11: 392239517 | G11: 0.7415 | H11: Chi phí nguyên, vật liệu
A12: Chi phí bảo hiểm thất nghiệp | B12: 62717 | C12: 177000000 | D12: 130677659 | E12: 0.7383 | F12: 130677659 | G12: 0.7383 | H12: Chi phí nhiên liệu
A13: Chi phí nguyên, vật liệu | C13: 1231000000 | D13: 1231090374 | E13: 1.0000734 | F13: 1231090374 | G13: 1.0000734 | H13: Vật tư vệ sinh
A14: Chi phí nhiên liệu | B14: 62721 | C14: 800000000 | D14: 916253686 | E14: 1.1453 | F14: 916253686 | G14: 1.1453 | H14: Vật tư, tem, nhãn kiểm tra an ninh hàng không
A15: Vật tư vệ sinh | B15: 62722 | C15: 150000000 | D15: 157182286 | E15: 1.0479 | F15: 157182286 | G15: 1.0479 | H15: Vật liệu phục vụ chuyến bay
A16: Vật tư, tem, nhãn kiểm tra an ninh hàng không | B16: 62723 | C16: 20000000 | E16: 0 | G16: 0 | H16: Vật liệu xử lý chất thải, hóa chất hệ thống lạnh
A17: Vật liệu phục vụ chuyến bay | B17: 62724 | C17: 40000000 | D17: 27714000 | E17: 0.6929 | F17: 27714000 | G17: 0.6929 | H17: Vật tư in ấn vé sân đường, hóa đơn
A18: Vật liệu xử lý chất thải, hóa chất hệ thống lạnh | B18: 62725 | C18: 126000000 | D18: 87955140 | E18: 0.6981 | F18: 87955140 | G18: 0.6981 | H18: Chi phí nhiên liệu phục vụ công tác
A19: Vật tư in ấn vé sân đường, hóa đơn | B19: 62726 | C19: 20000000 | D19: 10249999 | E19: 0.5125 | F19: 10249999 | G19: 0.5125 | H19: Chi phí vật liệu khác
A20: Chi phí nhiên liệu phục vụ công tác | B20: 62727 | C20: 75000000 | D20: 31735263 | E20: 0.4231 | F20: 31735263 | G20: 0.4231 | H20: Chi phí dụng cụ sản xuất
A21: Chi phí dụng cụ sản xuất | C21: 1089000000 | D21: 605563865 | E21: 0.55607334 | F21: 605563865 | G21: 0.55607334 | H21: Chi phí mua sắm công cụ dụng cụ
A22: Chi phí mua sắm công cụ dụng cụ | C22: 863000000 | D22: 595714878 | E22: 0.69028375 | F22: 595714878 | G22: 0.69028375 | H22: Công cụ dụng cụ lao động
A23: Công cụ dụng cụ lao động | B23: 627311 | C23: 610000000 | D23: 411772493 | E23: 0.675 | F23: 411772493 | G23: 0.675 | H23: Trang thiết bị văn phòng
A24: Trang thiết bị văn phòng | B24: 627312 | C24: 73000000 | D24: 122391542 | E24: 1.6766 | F24: 122391542 | G24: 1.6766 | H24: Trang thiết bị và bảng biểu nhà ga
A25: Trang thiết bị và bảng biểu nhà ga | B25: 627313 | C25: 100000000 | E25: 0 | G25: 0 | H25: Bàn ghế, tủ, quầy ,vật dụng khác
A26: Bàn ghế, tủ, quầy ,vật dụng khác | B26: 627314 | C26: 80000000 | D26: 61550843 | E26: 0.7694 | F26: 61550843 | G26: 0.7694 | H26: Chi phí sửa chữa công cụ dụng cụ
A27: Chi phí sửa chữa công cụ dụng cụ | C27: 226000000 | D27: 9848987 | E27: 0.043579588 | F27: 9848987 | G27: 0.043579588 | H27: Chi phí sửa chữa công cụ dụng cụ
A28: Chi phí sửa chữa công cụ dụng cụ | B28: 627321 | C28: 196000000 | D28: 5697139 | E28: 0.0291 | F28: 5697139 | G28: 0.0291 | H28: Chi phí sửa chữa công cụ dụng cụ (khối gián tiếp)
A29: Chi phí sửa chữa công cụ dụng cụ (khối gián tiếp) | B29: 627322 | C29: 30000000 | D29: 4151848 | E29: 0.1384 | F29: 4151848 | G29: 0.1384 | H29: Chi phí khấu hao TSCĐ
A30: Chi phí khấu hao TSCĐ | C30: 52229000000 | D30: 53683774716 | E30: 1.0278538 | F30: 53683774716 | G30: 1.0278538 | H30: Chi phí khấu hao TSCĐ
A31: Chi phí khấu hao TSCĐ | B31: 62741 | C31: 52229000000 | D31: 53683774716 | E31: 1.0279 | F31: 53683774716 | G31: 1.0279 | H31: Thuế, phí, và lệ phí
A32: Thuế, phí, và lệ phí | C32: 773000000 | D32: 386743680 | E32: 0.50031524 | F32: 386743680 | G32: 0.50031524 | H32: Thuế môn bài
A33: Thuế môn bài | B33: 62751 | C33: 0 | E33: 0 | G33: 0 | H33: Thuế đất và tiền thuê đất
A34: Thuế đất và tiền thuê đất | B34: 62752 | C34: 773000000 | D34: 386743680 | E34: 0.5003 | F34: 386743680 | G34: 0.5003 | H34: Thuế VAT không được khấu trừ
A35: Chi phí sửa chữa, bảo dưỡng tài sản | C35: 51698000000 | D35: 16488077086 | E35: 0.31893066 | F35: 16488077086 | G35: 0.31893066 | H35: Thuế khác
A36: Chi phí sửa chữa | C36: 45355000000 | D36: 16442561450 | E36: 0.36253029 | F36: 16442561450 | G36: 0.36253029 | H36: Chi phí sửa chữa tài sản
A37: Chi phí sửa chữa nhà cửa, vật kiến trúc | C37: 9999000000 | D37: 2667492579 | E37: 0.26677594 | F37: 2667492579 | G37: 0.26677594 | H37: Chi phí sửa chữa thường xuyên
A38: Sửa chữa nhà ga quốc nội | B38: 62762101 | C38: 2400000000 | D38: 102604899 | E38: 0.0428 | F38: 102604899 | G38: 0.0428 | H38: Chi phí SCTX nhà cửa, vật kiến trúc
A39: Sửa chữa bến bãi ô tô, sân đường | B39: 62762103 | C39: 3520000000 | D39: 2363496364 | E39: 0.6714 | F39: 2363496364 | G39: 0.6714 | H39: Sửa chữa nhà ga quốc nội
A40: Chi phí sửa chữa mương thoát nước | B40: 62762104 | C40: 69000000 | D40: 3240741 | E40: 0.047 | F40: 3240741 | G40: 0.047 | H40: Sửa chữa bến bãi ô tô, sân đưòng
A41: Chi phí cắt cỏ, nạo vét mương thoát nước | B41: 62762105 | C41: 30000000 | E41: 0 | G41: 0 | H41: Chi phí sửa chữa mương tháo nước
A42: Sửa chữa sân đậu | B42: 62762106 | C42: 580000000 | E42: 0 | G42: 0 | H42: Chi phí cắt cỏ, nạo vét mương thoát nước
A43: Sửa chữa hàng rào | B43: 62762107 | C43: 60000000 | E43: 0 | G43: 0 | H43: Sửa chữa sân đậu
A44: Sửa chữa nhà cửa, vật kiến trúc khác | B44: 62762188 | C44: 3230000000 | D44: 198150575 | E44: 0.0613 | F44: 198150575 | G44: 0.0613 | H44: Sửa chữa hàng rào
A45: Sửa chữa nhà cửa, vật kiến trúc khác (khối gián tiếp) | B45: 62762189 | C45: 110000000 | E45: 0 | G45: 0 | H45: Sửa chữa nhà cửa, vật kiến trúc khác
A46: Chi phí sửa chữa máy móc thiết bị | C46: 13930000000 | D46: 1366281510 | E46: 0.098081946 | F46: 1366281510 | G46: 0.098081946 | H46: Sửa chữa nhà cửa, vật kiến trúc khác (khối gián tiếp)
A47: Sửa chữa hệ thống băng chuyền | B47: 62762201 | C47: 920000000 | D47: 13100000 | E47: 0.0142 | F47: 13100000 | G47: 0.0142 | H47: Chi phí SCTX máy móc thiết bị
A48: Sửa chữa hệ thống ống lồng | B48: 62762202 | C48: 3480000000 | D48: 510932400 | E48: 0.1468 | F48: 510932400 | G48: 0.1468 | H48: Sửa chữa hệ thống băng chuyền
A49: Sửa chữa hệ thống thang cuốn, thang máy | B49: 62762203 | C49: 350000000 | D49: 82210000 | E49: 0.2349 | F49: 82210000 | G49: 0.2349 | H49: Sửa chữa hệ thống ống lồng
A50: Sửa chữa hệ thống thông tin liên lạc | B50: 62762204 | C50: 180000000 | D50: 7270000 | E50: 0.0404 | F50: 7270000 | G50: 0.0404 | H50: Sửa chữa hệ thống thang cuốn, thang máy
A51: Sửa chữa hệ thống quầy thủ tục, thiết bị nội thất | B51: 62762205 | C51: 10000000 | E51: 0 | G51: 0 | H51: Sửa chữa hệ thống thông tin liên lạc
A52: Sửa chữa hệ thống máy móc, thiết bị làm thủ tục | B52: 62762206 | C52: 90000000 | E52: 0 | G52: 0 | H52: Sửa chữa hệ thống quầy thủ tục, thiết bị nội thất
A53: Sửa chữa hệ thống thiết bị vệ sinh | B53: 62762207 | C53: 760000000 | E53: 0 | G53: 0 | H53: Sửa chữa hệ thống máy móc, thiết bị làm thủ tục
A54: Sửa chữa máy móc thiết bị kiểm tra an ninh | B54: 62762208 | C54: 170000000 | E54: 0 | G54: 0 | H54: Sửa chữa hệ thống thiết bị vệ sinh
A55: Sửa chữa máy móc, thiết bị , hệ thống thiết bị điện | B55: 62762209 | C55: 2050000000 | D55: 165545096 | E55: 0.0808 | F55: 165545096 | G55: 0.0808 | H55: Sửa chữa máy móc thiết bị kiểm tra an ninh
A56: Sửa chữa máy móc, thiết bị , hệ thống thiết bị lạnh | B56: 62762210 | C56: 2970000000 | D56: 78720000 | E56: 0.0265 | F56: 78720000 | G56: 0.0265 | H56: Sửa chữa máy móc, thiết bị , hệ thống thiết bị điện
A57: Sửa chữa thiết bị PCCC | B57: 62762211 | C57: 290000000 | D57: 33958680 | E57: 0.1171 | F57: 33958680 | G57: 0.1171 | H57: Sửa chữa máy móc, thiết bị , hệ thống thiết bị lạnh
A58: Sửa chữa hệ thống xử lý chất thải | B58: 62762212 | C58: 880000000 | D58: 94283500 | E58: 0.1071 | F58: 94283500 | G58: 0.1071 | H58: Sửa chữa thiết bị PCCC
A59: Sửa chữa hệ thống cấp nước | B59: 62762213 | C59: 780000000 | D59: 13491000 | E59: 0.0173 | F59: 13491000 | G59: 0.0173 | H59: Sửa chữa hệ thống xử lý chất thải
A60: Sửa chữa hệ thống thoát nước | B60: 62762214 | C60: 40000000 | E60: 0 | G60: 0 | H60: Sửa chữa hệ thống cấp nước
A61: Sửa chữa hệ thống trạm thu phí | B61: 62762215 | C61: 570000000 | D61: 351588400 | E61: 0.6168 | F61: 351588400 | G61: 0.6168 | H61: Sửa chữa hệ thống thoát nước
A62: Sửa chữa hệ thống camera, CCTV | B62: 62762217 | C62: 300000000 | E62: 0 | G62: 0 | H62: Sửa chữa hệ thống trạm thu phí
A63: Sửa chữa máy móc thiết bị khác | B63: 62762288 | C63: 90000000 | D63: 15182434 | E63: 0.1687 | F63: 15182434 | G63: 0.1687 | H63: Sửa chữa hệ thống thiết bị phục vụ máy bay
A64: Sửa chữa máy móc thiết bị (khối gián tiếp) | B64: 62762289 | C64: 0 | E64: 0 | G64: 0 | H64: Sửa chữa hệ thống camera, CCTV
A65: Chi phí sửa chữa phương tiện vận tải | C65: 3450000000 | D65: 853085694 | E65: 0.24727122 | F65: 853085694 | G65: 0.24727122 | H65: Sửa chữa máy móc thiết bị khác
A66: Sửa chữa phương tiện vận tải đặc chủng phục vụ bay | B66: 62762301 | C66: 2720000000 | D66: 581779517 | E66: 0.2139 | F66: 581779517 | G66: 0.2139 | H66: Sửa chữa máy móc thiết bị (khối gián tiếp)
A67: Sửa chữa xe cứu hỏa, cứu thương, xe chuyên dùng | B67: 62762302 | C67: 600000000 | D67: 230464464 | E67: 0.3841 | F67: 230464464 | G67: 0.3841 | H67: Chi phí SCTX phương tiện vận tải
A68: Sửa chữa xe ô tô, xe tải các loại | B68: 62762303 | C68: 100000000 | D68: 32430749 | E68: 0.3243 | F68: 32430749 | G68: 0.3243 | H68: Sửa chữa phương tiện vận tải đặc chủng phục vụ bay
A69: Sửa chữa xe ô tô (khối gián tiếp) | B69: 62762304 | C69: 30000000 | D69: 8410964 | E69: 0.2804 | F69: 8410964 | G69: 0.2804 | H69: Sửa chữa xe cứu hỏa, cứu thương, xe chuyên dùng
A70: Chi phí sửa chữa tài sản KCHTHK | C70: 17976000000 | D70: 11555701667 | E70: 0.64284055 | F70: 11555701667 | G70: 0.64284055 | H70: Sửa chữa xe ô tô, xe tải các loại
A71: Sửa chữa đường hạ cất cánh, đường lăn | B71: 62762811 | C71: 17976000000 | D71: 11209945949 | E71: 0.6236 | F71: 11209945949 | G71: 0.6236 | H71: Sửa chữa xe ô tô (khối gián tiếp)
A72: Sơn tín hiệu, đường băng, đường lăn, tẩy vệt cao su | B72: 62762812 | C72: 0 | D72: 32390000 | E72: 0 | F72: 32390000 | G72: 0 | H72: Chi phí SCTX thiết bị dụng cụ quản lý
A73: Chi phí sửa chữa mương thoát nước (khu bay) | B73: 62762814 | C73: 0 | E73: 0 | G73: 0 | H73: Sửa chữa hệ thống máy tính (không sử dụng từ 01/01/2016)
A74: Chi phí cắt cỏ, nạo vét mương thoát nước (khu bay) | B74: 62762815 | C74: 0 | D74: 141142857 | E74: 0 | F74: 141142857 | G74: 0 | H74: Sửa chữa thiết bị văn phòng (tài sản)
A75: Sửa chữa vật kiến trúc khác (khu bay) | B75: 62762818 | C75: 0 | E75: 0 | G75: 0 | H75: Sửa chữa tài sản quản lý khác
A76: Sửa chữa máy móc, thiết bị chỉ huy dẫn đường | B76: 62762821 | C76: 0 | E76: 0 | G76: 0 | H76: Chi phí SCTX nhà ga quốc tế
A77: Sửa chữa hệ thống điện khu bay | B77: 62762823 | C77: 0 | D77: 38090852 | E77: 0 | F77: 38090852 | G77: 0 | H77: Hệ thống quầy thủ tục, thiết bị nội thất
A78: Sửa chữa hệ thống đèn đêm (khu bay) | B78: 62762824 | C78: 0 | D78: 68756000 | E78: 0 | F78: 68756000 | G78: 0 | H78: Chi phí SCTX khu bay
A79: Sửa chữa máy móc thiết bị khác (khu bay) | B79: 62762828 | C79: 0 | E79: 0 | G79: 0 | H79: Sửa chữa đường hạ cất cánh, đường lăn
A80: Sửa chữa phương tiện vận tải phục vụ trong khu bay | B80: 62762838 | C80: 0 | D80: 65376009 | E80: 0 | F80: 65376009 | G80: 0 | H80: Sơn tín hiệu, đường băng, đường lăn, tẩy vệt cao su
A81: Chi phí bảo dưỡng tài sản | C81: 6343000000 | D81: 45515636 | E81: 0.0071757269 | F81: 45515636 | G81: 0.0071757269 | H81: Sửa chữa đài dẫn đường
A82: Chi phí bảo dưỡng tài sản KCHTHK | C82: 6343000000 | D82: 45515636 | E82: 0.0071757269 | F82: 45515636 | G82: 0.0071757269 | H82: Chi phí sửa chữa mương thoát nước (khu bay)
A83: Bảo dưỡng đường hạ cất cánh, đường lăn | B83: 62763811 | C83: 1125000000 | E83: 0 | G83: 0 | H83: Chi phí cắt cỏ, nạo vét mương thoát nước (khu bay)
A84: Sơn tín hiệu, đường băng, đường lăn, tẩy vệt cao su | B84: 62763812 | C84: 1200000000 | E84: 0 | G84: 0 | H84: Sửa chữa vật kiến trúc khác (khu bay)
A85: Chi phí bảo dưỡng mương thoát nước (khu bay) | B85: 62763814 | C85: 500000000 | E85: 0 | G85: 0 | H85: Sửa chữa máy móc, thiết bị chỉ huy dẫn đường
A86: Chi phí cắt cỏ, nạo vét mương thoát nước (khu bay) | B86: 62763815 | C86: 860000000 | E86: 0 | G86: 0 | H86: Sửa chữa hệ thống ra đa , thời tiết khí tượng
A87: Bảo dưỡng vật kiến trúc khác (khu bay) | B87: 62763818 | C87: 1550000000 | E87: 0 | G87: 0 | H87: Sửa chữa hệ thống điện khu bay
A88: Bảo dưỡng máy móc, thiết bị chỉ huy dẫn đường | B88: 62763821 | C88: 90000000 | D88: 3132000 | E88: 0.0348 | F88: 3132000 | G88: 0.0348 | H88: Sửa chữa hệ thống đèn đêm (khu bay)
A89: Bảo dưỡng hệ thống điện khu bay | B89: 62763823 | C89: 155000000 | E89: 0 | G89: 0 | H89: Sửa chữa máy móc thiết bị khác (khu bay)
A90: Bảo dưỡng hệ thống đèn đêm (khu bay) | B90: 62763824 | C90: 343000000 | D90: 21220000 | E90: 0.0619 | F90: 21220000 | G90: 0.0619 | H90: Sửa chữa phương tiện vận tải phục vụ trong khu bay
A91: Bảo dưỡng máy móc thiết bị khác (khu bay) | B91: 62763828 | C91: 210000000 | E91: 0 | G91: 0 | H91: Chi phí dịch vụ mua ngoài
A92: Bảo dưỡng phương tiện vận tải phục vụ trong khu bay | B92: 62763838 | C92: 310000000 | D92: 21163636 | E92: 0.0683 | F92: 21163636 | G92: 0.0683 | H92: Chi phí thuê dịch vụ vệ sinh
A93: Chi phí dịch vụ mua ngoài | C93: 14736000000 | D93: 9937573590 | E93: 0.67437389 | F93: 9937573590 | G93: 0.67437389 | H93: Chi phí thuê dịch vụ bảo vệ
A94: Chi phí thuê dịch vụ vệ sinh | B94: 627701 | C94: 930000000 | D94: 158714210 | E94: 0.1707 | F94: 158714210 | G94: 0.1707 | H94: Chi phí thuê dịch vụ vệ sinh môi trường, chất thải
A95: Chi phí thuê dịch vụ bảo vệ | B95: 627702 | C95: 360000000 | D95: 137293626 | E95: 0.3814 | F95: 137293626 | G95: 0.3814 | H95: Chi dịch vụ VIP, khách hàng C
A96: Chi phí thuê dịch vụ vệ sinh môi trường, chất thải | B96: 627703 | C96: 120000000 | D96: 28096366 | E96: 0.2341 | F96: 28096366 | G96: 0.2341 | H96: Chi thuê vận chuyển bốc xếp
A97: Chi dịch vụ VIP, khách hàng C | B97: 627704 | C97: 5000000 | E97: 0 | G97: 0 | H97: Chi phí thông tin liên lạc
A98: Chi thuê vận chuyển bốc xếp | B98: 627706 | C98: 0 | E98: 0 | G98: 0 | H98: Chi phí tiền điện
A99: Chi phí thông tin liên lạc | B99: 627708 | C99: 123000000 | D99: 72797904 | E99: 0.5919 | F99: 72797904 | G99: 0.5919 | H99: Chi phí tiền nước
A100: Chi phí tiền điện | B100: 627709 | C100: 8500000000 | D100: 5283191499 | E100: 0.6216 | F100: 5283191499 | G100: 0.6216 | H100: Chi bảo hiểm hàng không, phi hàng không
...

Sheet Giao Bổ sung (2)
A1: TỔNG HỢP TRIỂN KHAI BỔ SUNG KẾ HOẠCH 2023
A2: STT | B2: Danh mục | C2: Mã khoản mục chi phí | D2: ĐƯỢC DUYỆT 2023 | E2: BỔ SUNG 2023 | F2: SỐ TIỀN ĐÃ/ ĐANG THỰC HIỆN | G2: TỔNG CÒN SAU BỔ SUNG | H2: QUY MÔ | I2: NGƯỜI THỰC HIỆN | J2: Tiến độ
A5: A | B5: ĐẦU TƯ CHUYỂN TIẾP
A6: A | B6: ĐẦU TƯ
A7: I | B7: XÂY DỰNG CƠ BẢN | C7: Column1 | D7: Column2 | E7: Column3 | F7: Column4 | G7: Column5 | H7: Column7
A8: II | B8: TRANG THIẾT BỊ | C8: Column1 | D8: Column2 | E8: Column3 | F8: Column4 | G8: Column5 | H8: Column7
A9: 1 | B9: Máy khắc Laser kim loại | E9: 60000000 | G9: =E9 -> 60000000 | H9: Máy khắc laser kim loại 20W | I9: Thanh Tân | L9: ĐÃ HOÀN THÀNH
A10: 2 | B10: Xe tải ben | E10: 700000000 | G10: =E10 -> 700000000 | H10: Xe tải ben 1.9T | I10: Thanh Tân | L10: ĐÃ HOÀN THÀNH
A11: 3 | B11: Xe bán tải | E11: 850000000 | G11: =E11 -> 850000000 | H11: Xe bán tải 2 cầu tự động | I11: Thanh Tân | L11: ĐÃ HOÀN THÀNH
A12: 4 | B12: Màn hình thông báo bay | E12: 360000000 | G12: =E12 -> 360000000 | H12: 06 Màn hình thông báo bay FIDS | I12: Thanh Tân | L12: Đang tiến hành hồ sơ mua sắm, hoàn thành trong tháng
A13: B | B13: SỬA CHỮA TÀI SẢN | C13: Column2 | D13: Column3 | E13: Column4 | F13: Column5 | G13: Column6 | H13: Column8
A14: 1 | B14: Sữa chữa đường công vụ A1: Gia cố nền chống bù vênh hằng năm đoạn trước băng chuyền Ovan, SC khu đọng nước trước bến 5-6 | C14: 62762103 | D14: 445000000 | E14: 105000000 | G14: 550000000 | H14: Sửa chữa khu đọng nước trước bến 5, bến 6: 220m2 Xử lý nền mòng đọan lún sụt do bên dưới có hàm ếch cạnh tunel: 150m x 1m Thảm BTN và sơn hoàn tín hiệu lại mặt đường sau khi SC nền mòng lún sụt: 160m x 5m | I14: Kiêm Thành, Tấn Phường
A15: 2 | B15: Sửa chữa các tấm đan | C15: 62762104 | E15: 100000000 | G15: 100000000 | H15: Sửa chữa các tấm đan | I15: Phương Tùng | L15: ĐÃ HOÀN THÀNH
A16: 3 | B16: Sửa chữa Trám vá các vết rỗ trên sân đỗ máy bay | C16: 62762106 | E16: 200000000 | G16: 200000000 | H16: Sửa chữa Trám vá các vết rỗ trên sân đỗ máy bay | I16: Phương Tùng | L16: HOÀN THÀNH TRONG NĂM
A17: 4 | B17: Sửa chữa mái tôn Nhà ga hàng hóa | C17: 62762188 | E17: 400000000 | H17: Sửa chữa mái tôn Nhà ga hàng hóa | I17: Phương Tùng | L17: HOÀN THÀNH TRONG NĂM
A18: 5 | B18: Sửa chữa máy phát điện 100KVA khu VP | C18: 62762209 | E18: 50000000 | G18: 50000000 | H18: Sửa chữa máy phát điện 100KVA khu VP | I18: Ngọc Ấn | L18: Đang làm thủ thục thanh toán
A19: 6 | B19: Sửa chữa xe cứu hỏa BAI VCA-121.05 | C19: 62762302 | E19: 600000000 | G19: 600000000 | H19: Sửa chữa thay thế Đồng hồ áp hệ thống bột, van khí nén, ống hơi, co hơi, xy lanh, đồng hồ tua bơm, lăng phun, bơm nước.. | I19: Sơn Hà | L19: ĐÃ HOÀN THÀNH
A20: 7 | B20: Thay thế cáp căng cửa tầng thang máy PL4 và cụm bánh xe ép tay vịn thang cuốn ES1, ES2, ES3, ES4 | C20: 62762203 | E20: 200000000 | G20: 200000000 | H20: Thang máy PL4: thay thế 01 sợi cáp căng cửa tầng Thang cuốn ES1, ES2, ES3, ES4: thay thế 32 cái cụm bánh xe ép tay vịn | I20: Sơn Hà | L20: ĐÃ HOÀN THÀNH
A21: 8 | B21: Sửa chữa bến bãi ô tô, sân đường | C21: 62762103 | E21: 950000000 | G21: 950000000 | H21: Sơn toàn bộ cầu cạn | I21: Phương Tùng | L21: ĐÃ HOÀN THÀNH
A22: C.2 | B22: SCTX MÁY MÓC THIẾT BỊ
A23: 2 | B23: Sửa chữa hệ thống ống lồng | C23: 62762202 | D23: 264000000 | E23: 150000000 | F23: 194248636 | G23: 219751364 | H23: 4 nhánh ống lồng QN, QT | I23: Khôi Nguyên, Công Đức | L23: Đang triển khai

Sheet TỔNG HỢP
A1: STT | B1: Danh mục Kế hoạch | C1: Mã Kế hoạch | D1: Bravo | E1: Được duyệt | F1: Đã thực hiện (Bravo) | G1: Đã thực hiện nhập liệu (Thực tế) | H1: Đã thực hiện thực tế | I1: Còn lại | K1: % thực hiện (Thực tế) | L1: Ghi chú | M1: Quy mô
A2: A | B2: SỬA CHỮA THƯỜNG XUYÊN | E2: =E3+E12+E31 -> 11169000000 | F2: =F3+F12+F31 -> 2523363419 | G2: =G3+G12+G31 -> 6.0629381e+09 | H2: =H3+H12+H31 -> 6.0715759e+09 | I2: =I3+I12+I31 -> 5.0974241e+09 | K2: =H2/E2 -> 0.54360963
A3: I | B3: SCTX CƠ SỞ HẠ TẦNG | E3: =SUM(E4:E11) -> 1149000000 | F3: =SUM(F4:F11) -> 303996215 | G3: =SUM(G4:G11) -> 3.5815168e+08 | H3: =SUM(H4:H11) -> 3.5815168e+08 | I3: =SUM(I4:I11) -> 7.9084832e+08 | K3: =H3/E3 -> 0.31170729
A4: 1 | B4: Sửa chữa nhà ga quốc nội | C4: 62762101 | D4: =VLOOKUP(C4,INFO!$B$2:$F$164,2,1) -> 2400000000 | E4: 260000000 | F4: =VLOOKUP(C4,INFO!$B$2:$F$164,5,1) -> 102604899 | G4: ='62762101'!F3 -> 140821619 | H4: =MAX(F4:G4) -> 140821619 | I4: =E4-H4 -> 119178381 | J4: =IFERROR(_xlfn.__XLUDF.DUMMYFUNCTION("SPARKLINE(J23, {""charttype"",""bar""; ""max"",MAX($J$23:$J$30); ""color1"",""green""})"),"#N/A") -> #N/A | K4: =H4/E4 -> 0.54162161 | M4: Sửa chửa kính, gạch vỡ, sơn tường cục bộ nhà ga và hư hỏng đột xuất khác | O4: ='62762101'!F3 -> 140821619 | P4: =B4 -> Sửa chữa nhà ga quốc nội
A5: 2 | B5: Sửa chữa bến bãi ô tô, sân đường | C5: 62762103 | D5: =VLOOKUP(C5,INFO!$B$2:$F$164,2,1) -> 3520000000 | E5: 110000000 | F5: 0 | G5: ='62762103'!F3 -> 62382513 | H5: =MAX(F5:G5) -> 62382513 | I5: =E5-H5 -> 47617487 | J5: =IFERROR(_xlfn.__XLUDF.DUMMYFUNCTION("SPARKLINE(J24, {""charttype"",""bar""; ""max"",MAX($J$23:$J$30); ""color1"",""green""})"),"#N/A") -> #N/A | K5: =H5/E5 -> 0.56711376 | M5: Sơn sửa, bảo trì các biển báo giao thông nội cảng, sửa chữa các gờ giảm tốc, các cọc tiêu mềm | O5: ='62762103'!F3 -> 62382513 | P5: =B5 -> Sửa chữa bến bãi ô tô, sân đường
A6: 3 | B6: Chi phí sửa chữa mương thoát nước | C6: 62762104 | D6: =VLOOKUP(C6,INFO!$B$2:$F$164,2,0) -> 69000000 | E6: 69000000 | F6: =VLOOKUP(C6,INFO!$B$2:$F$164,5,1) -> 3240741 | G6: ='62762104'!F3 -> 11090741 | H6: =MAX(F6:G6) -> 11090741 | I6: =E6-H6 -> 57909259 | J6: =IFERROR(_xlfn.__XLUDF.DUMMYFUNCTION("SPARKLINE(J25, {""charttype"",""bar""; ""max"",MAX($J$23:$J$30); ""color1"",""green""})"),"#N/A") -> #N/A | K6: =H6/E6 -> 0.16073537 | M6: Sửa chữa các tấm đan, mương bê tông xi măng nhà ga, sân dỗ ô tô, Out-House | O6: ='62762104'!F3 -> 11090741 | P6: =B6 -> Chi phí sửa chữa mương thoát nước
A7: 4 | B7: Chi phí cắt cỏ, nạo vét mương thoát nước | C7: 62762105 | D7: =VLOOKUP(C7,INFO!$B$2:$F$164,2,1) -> 30000000 | E7: 30000000 | F7: =VLOOKUP(C7,INFO!$B$2:$F$164,5,1) -> 0 | G7: ='62762105'!F3 -> 0 | H7: =MAX(F7:G7) -> 0 | I7: =E7-H7 -> 30000000 | J7: =IFERROR(_xlfn.__XLUDF.DUMMYFUNCTION("SPARKLINE(J26, {""charttype"",""bar""; ""max"",MAX($J$23:$J$30); ""color1"",""green""})"),"#N/A") -> #N/A | K7: =H7/E7 -> 0 | M7: Cắt cỏ, nạo vét các hố ga hố lọc rác | O7: ='62762105'!F3 -> 0 | P7: =B7 -> Chi phí cắt cỏ, nạo vét mương thoát nước
A8: 5 | B8: Sửa chữa sân đậu | C8: 62762106 | D8: =VLOOKUP(C8,INFO!$B$2:$F$164,2,0) -> 580000000 | E8: 420000000 | F8: =VLOOKUP(C8,INFO!$B$2:$F$164,5,1) -> 0 | G8: ='62762106'!F3 -> 0 | H8: =MAX(F8:G8) -> 0 | I8: =E8-H8 -> 420000000 | J8: =IFERROR(_xlfn.__XLUDF.DUMMYFUNCTION("SPARKLINE(J27, {""charttype"",""bar""; ""max"",MAX($J$23:$J$30); ""color1"",""green""})"),"#N/A") -> #N/A | K8: =H8/E8 -> 0 | M8: Sơn tín hiệu sân đậu | O8: ='62762106'!F3 -> 0 | P8: =B8 -> Sửa chữa sân đậu
A9: 6 | B9: Sửa chữa hàng rào | C9: 62762107 | D9: =VLOOKUP(C9,INFO!$B$2:$F$164,2,0) -> 60000000 | E9: 60000000 | F9: =VLOOKUP(C9,INFO!$B$2:$F$164,5,1) -> 0 | G9: ='62762107'!F3 -> 54788503 | H9: =MAX(F9:G9) -> 54788503 | I9: =E9-H9 -> 5211497.2 | J9: =IFERROR(_xlfn.__XLUDF.DUMMYFUNCTION("SPARKLINE(J28, {""charttype"",""bar""; ""max"",MAX($J$23:$J$30); ""color1"",""green""})"),"#N/A") -> #N/A | K9: =H9/E9 -> 0.91314171 | M9: Bảo dưỡng hàng rào khu Air side - Land side | O9: ='62762107'!F3 -> 54788503 | P9: =B9 -> Sửa chữa hàng rào
A10: 7 | B10: Sửa chữa nhà cửa, vật kiến trúc khác | C10: 62762188 | D10: =VLOOKUP(C10,INFO!$B$2:$F$164,2,0) -> 3230000000 | E10: 90000000 | F10: =VLOOKUP(C10,INFO!$B$2:$F$164,5,1) -> 198150575 | G10: ='62762188'!F3 -> 69293904 | H10: =G10 -> 69293904 | I10: =E10-H10 -> 20706096 | J10: =IFERROR(_xlfn.__XLUDF.DUMMYFUNCTION("SPARKLINE(J29, {""charttype"",""bar""; ""max"",MAX($J$23:$J$30); ""color1"",""green""})"),"#N/A") -> #N/A | K10: =H10/E10 -> 0.76993227 | M10: Sửa chữa Nhà xe nội bộ, kho cơ khí, kho cây xanh, Nhà xe ngoại trường, Nhà chứa rác, khu vực Trạm nguồn,… | O10: ='62762188'!F3 -> 69293904 | P10: =B10 -> Sửa chữa nhà cửa, vật kiến trúc khác
A11: 8 | B11: Sửa chữa nhà cửa, vật kiến trúc khác (khối gián tiếp) | C11: 62762189 | D11: =VLOOKUP(C11,INFO!$B$2:$F$164,2,0) -> 110000000 | E11: 110000000 | F11: =VLOOKUP(C11,INFO!$B$2:$F$164,5,1) -> 0 | G11: ='62762189'!F3 -> 19774400 | H11: =MAX(F11:G11) -> 19774400 | I11: =E11-H11 -> 90225600 | J11: =IFERROR(_xlfn.__XLUDF.DUMMYFUNCTION("SPARKLINE(J30, {""charttype"",""bar""; ""max"",MAX($J$23:$J$30); ""color1"",""green""})"),"#N/A") -> #N/A | K11: =H11/E11 -> 0.17976727 | M11: Sửa chữa thường xuyên, bảo dưỡng các nhà văn phòng, cầu thang…. | O11: ='62762189'!F3 -> 19774400 | P11: =B11 -> Sửa chữa nhà cửa, vật kiến trúc khác (khối gián tiếp)
A12: II | B12: SCTX MÁY MÓC THIẾT BỊ | E12: =SUM(E13:E30) -> 8240000000 | F12: =SUM(F13:F30) -> 1366281510 | G12: =SUM(G13:G30) -> 4.4846377e+09 | H12: =SUM(H13:H30) -> 4.4897761e+09 | I12: =SUM(I13:I30) -> 3.7502239e+09 | K12: =H12/E12 -> 0.54487574 | P12: =B12 -> SCTX MÁY MÓC THIẾT BỊ
A13: 9 | B13: Sửa chữa hệ thống băng chuyền | C13: 62762201 | D13: =VLOOKUP(C13,INFO!$B$2:$F$164,2,0) -> 920000000 | E13: 920000000 | F13: =VLOOKUP(C13,INFO!$B$2:$F$164,5,1) -> 13100000 | G13: ='62762201'!F3 -> 293060000 | H13: =MAX(F13:G13) -> 293060000 | I13: =E13-H13 -> 626940000 | J13: =IFERROR(_xlfn.__XLUDF.DUMMYFUNCTION("SPARKLINE(J32, {""charttype"",""bar""; ""max"",MAX($J$32:$J$49); ""color1"",""green""})"),"#N/A") -> #N/A | K13: =H13/E13 -> 0.31854348 | M13: Bảo dưỡng, sửa chữa băng chuyền | O13: ='62762201'!F3 -> 293060000 | P13: =B13 -> Sửa chữa hệ thống băng chuyền
A14: 10 | B14: Sửa chữa hệ thống ống lồng | C14: 62762202 | D14: =VLOOKUP(C14,INFO!$B$2:$F$164,2,0) -> 3480000000 | E14: 1180000000 | F14: =VLOOKUP(C14,INFO!$B$2:$F$164,5,1) -> 510932400 | G14: ='62762202'!F3 -> 335561400 | H14: =G14 -> 335561400 | I14: =E14-H14 -> 844438600 | J14: =IFERROR(_xlfn.__XLUDF.DUMMYFUNCTION("SPARKLINE(J33, {""charttype"",""bar""; ""max"",MAX($J$32:$J$49); ""color1"",""green""})"),"#N/A") -> #N/A | K14: =H14/E14 -> 0.28437407 | M14: Bảo dưỡng hệ thống ống lồng | O14: ='62762202'!F3 -> 335561400 | P14: =B14 -> Sửa chữa hệ thống ống lồng
A15: 11 | B15: Sửa chữa hệ thống thang cuốn, thang máy | C15: 62762203 | D15: =VLOOKUP(C15,INFO!$B$2:$F$164,2,0) -> 350000000 | E15: 350000000 | F15: =VLOOKUP(C15,INFO!$B$2:$F$164,5,1) -> 82210000 | G15: ='62762203'!F3 -> 200720000 | H15: =G15 -> 200720000 | I15: =E15-H15 -> 149280000 | J15: =IFERROR(_xlfn.__XLUDF.DUMMYFUNCTION("SPARKLINE(J34, {""charttype"",""bar""; ""max"",MAX($J$32:$J$49); ""color1"",""green""})"),"#N/A") -> #N/A | K15: =H15/E15 -> 0.57348571 | M15: Bảo dưỡng định kỳ thang máy thang cuốn và các hư hỏng nhỏ đột xuất khác | O15: ='62762203'!F3 -> 200720000 | P15: =B15 -> Sửa chữa hệ thống thang cuốn, thang máy
A16: 12 | B16: Sửa chữa hệ thống thông tin liên lạc | C16: 62762204 | D16: =VLOOKUP(C16,INFO!$B$2:$F$164,2,0) -> 180000000 | E16: 180000000 | F16: =VLOOKUP(C16,INFO!$B$2:$F$164,5,1) -> 7270000 | G16: ='62762204'!F3 -> 91169444 | H16: =MAX(F16:G16) -> 91169444 | I16: =E16-H16 -> 88830556 | J16: =IFERROR(_xlfn.__XLUDF.DUMMYFUNCTION("SPARKLINE(J35, {""charttype"",""bar""; ""max"",MAX($J$32:$J$49); ""color1"",""green""})"),"#N/A") -> #N/A | K16: =H16/E16 -> 0.50649691 | M16: Bảo trì, bảo dưỡng hệ thống thông tin liên lạc | O16: ='62762204'!F3 -> 91169444 | P16: =B16 -> Sửa chữa hệ thống thông tin liên lạc
A17: 13 | B17: Sửa chữa hệ thống quầy thủ tục, thiết bị nội thất | C17: 62762205 | D17: =VLOOKUP(C17,INFO!$B$2:$F$164,2,0) -> 10000000 | E17: 10000000 | F17: =VLOOKUP(C17,INFO!$B$2:$F$164,5,1) -> 0 | G17: ='62762205'!F3 -> 0 | H17: =MAX(F17:G17) -> 0 | I17: =E17-H17 -> 10000000 | J17: =IFERROR(_xlfn.__XLUDF.DUMMYFUNCTION("SPARKLINE(J36, {""charttype"",""bar""; ""max"",MAX($J$32:$J$49); ""color1"",""green""})"),"#N/A") -> #N/A | K17: =H17/E17 -> 0 | M17: Bảo trì, sửa chữa 24 quầy thủ tục | O17: ='62762205'!F3 -> 0 | P17: =B17 -> Sửa chữa hệ thống quầy thủ tục, thiết bị nội thất
A18: 14 | B18: Sửa chữa hệ thống máy móc, thiết bị làm thủ tục | C18: 62762206 | D18: =VLOOKUP(C18,INFO!$B$2:$F$164,2,0) -> 90000000 | E18: 90000000 | F18: =VLOOKUP(C18,INFO!$B$2:$F$164,5,1) -> 0 | G18: ='62762206'!F3 -> 9318519 | H18: =MAX(F18:G18) -> 9318519 | I18: =E18-H18 -> 80681481 | J18: =IFERROR(_xlfn.__XLUDF.DUMMYFUNCTION("SPARKLINE(J37, {""charttype"",""bar""; ""max"",MAX($J$32:$J$49); ""color1"",""green""})"),"#N/A") -> #N/A | K18: =H18/E18 -> 0.1035391 | M18: Sửa chữa thay thế màn hình, các thiết bị quầy thủ tục | O18: ='62762206'!F3 -> 9318519 | P18: =B18 -> Sửa chữa hệ thống máy móc, thiết bị làm thủ tục
A19: 15 | B19: Sửa chữa hệ thống thiết bị vệ sinh | C19: 62762207 | D19: =VLOOKUP(C19,INFO!$B$2:$F$164,2,0) -> 760000000 | E19: 80000000 | F19: =VLOOKUP(C19,INFO!$B$2:$F$164,5,1) -> 0 | G19: ='62762207'!F3 -> 5850000 | H19: =MAX(F19:G19) -> 5850000 | I19: =E19-H19 -> 74150000 | J19: =IFERROR(_xlfn.__XLUDF.DUMMYFUNCTION("SPARKLINE(J38, {""charttype"",""bar""; ""max"",MAX($J$32:$J$49); ""color1"",""green""})"),"#N/A") -> #N/A | K19: =H19/E19 -> 0.073125 | M19: Bảo dưỡng sửa chữa thiết bị vệ sinh | O19: ='62762207'!F3 -> 5850000 | P19: =B19 -> Sửa chữa hệ thống thiết bị vệ sinh
A20: 16 | B20: Sửa chữa máy móc thiết bị kiểm tra an ninh | C20: 62762208 | D20: =VLOOKUP(C20,INFO!$B$2:$F$164,2,0) -> 170000000 | E20: 170000000 | F20: =VLOOKUP(C20,INFO!$B$2:$F$164,5,1) -> 0 | G20: ='62762208'!F3 -> 0 | H20: =MAX(F20:G20) -> 0 | I20: =E20-H20 -> 170000000 | J20: =IFERROR(_xlfn.__XLUDF.DUMMYFUNCTION("SPARKLINE(J39, {""charttype"",""bar""; ""max"",MAX($J$32:$J$49); ""color1"",""green""})"),"#N/A") -> #N/A | K20: =H20/E20 -> 0 | M20: Bảo trì bảo dưỡng máy soi cổng từ, máy dò chất nổ | O20: ='62762208'!F3 -> 0 | P20: =B20 -> Sửa chữa máy móc thiết bị kiểm tra an ninh
A21: 17 | B21: Sửa chữa máy móc, thiết bị , hệ thống thiết bị điện | C21: 62762209 | D21: =VLOOKUP(C21,INFO!$B$2:$F$164,2,0) -> 2050000000 | E21: 730000000 | F21: =VLOOKUP(C21,INFO!$B$2:$F$164,5,1) -> 165545096 | G21: ='62762209'!F3 -> 2.1596921e+08 | H21: =MAX(F21:G21) -> 2.1596921e+08 | I21: =E21-H21 -> 5.1403079e+08 | J21: =IFERROR(_xlfn.__XLUDF.DUMMYFUNCTION("SPARKLINE(J40, {""charttype"",""bar""; ""max"",MAX($J$32:$J$49); ""color1"",""green""})"),"#N/A") -> #N/A | K21: =H21/E21 -> 0.29584823 | M21: Bảo trì bảo dưỡng hệ thống thiết bị điện, máy phát điện, hệ thống chống sét, hệ thống UPS, hệ thống quạt thông gió | O21: ='62762209'!F3 -> 2.1596921e+08 | P21: =B21 -> Sửa chữa máy móc, thiết bị , hệ thống thiết bị điện
A22: 18 | B22: Sửa chữa máy móc, thiết bị , hệ thống thiết bị lạnh | C22: 62762210 | D22: =VLOOKUP(C22,INFO!$B$2:$F$164,2,0) -> 2970000000 | E22: 2970000000 | F22: =VLOOKUP(C22,INFO!$B$2:$F$164,5,1) -> 78720000 | G22: ='62762210'!F3 -> 2.7839956e+09 | H22: =G22 -> 2.7839956e+09 | I22: =E22-H22 -> 1.8600441e+08 | J22: =IFERROR(_xlfn.__XLUDF.DUMMYFUNCTION("SPARKLINE(J41, {""charttype"",""bar""; ""max"",MAX($J$32:$J$49); ""color1"",""green""})"),"#N/A") -> #N/A | K22: =H22/E22 -> 0.93737225 | M22: Bảo dưỡng hệ thống Chiller định kỳ, tháp giải nhiệt, hệ thống máy lạnh cục bộ, hệ thống lạnh | O22: ='62762210'!F3 -> 2.7839956e+09 | P22: =B22 -> Sửa chữa máy móc, thiết bị , hệ thống thiết bị lạnh
A23: 19 | B23: Sửa chữa thiết bị PCCC | C23: 62762211 | D23: =VLOOKUP(C23,INFO!$B$2:$F$164,2,0) -> 290000000 | E23: 290000000 | F23: =VLOOKUP(C23,INFO!$B$2:$F$164,5,1) -> 33958680 | G23: ='62762211'!F3 -> 74200926 | H23: =MAX(F23:G23) -> 74200926 | I23: =E23-H23 -> 2.1579907e+08 | J23: =IFERROR(_xlfn.__XLUDF.DUMMYFUNCTION("SPARKLINE(J42, {""charttype"",""bar""; ""max"",MAX($J$32:$J$49); ""color1"",""green""})"),"#N/A") -> #N/A | K23: =H23/E23 -> 0.25586526 | M23: Bảo dưỡng sửa chữa hệ thống báo cháy | O23: ='62762211'!F3 -> 74200926 | P23: =B23 -> Sửa chữa thiết bị PCCC
A24: 20 | B24: Sửa chữa hệ thống xử lý chất thải | C24: 62762212 | D24: =VLOOKUP(C24,INFO!$B$2:$F$164,2,0) -> 880000000 | E24: 390000000 | F24: =VLOOKUP(C24,INFO!$B$2:$F$164,5,1) -> 94283500 | G24: ='62762212'!F3 -> 94283500 | H24: =MAX(F24:G24) -> 94283500 | I24: =E24-H24 -> 295716500 | J24: =IFERROR(_xlfn.__XLUDF.DUMMYFUNCTION("SPARKLINE(J43, {""charttype"",""bar""; ""max"",MAX($J$32:$J$49); ""color1"",""green""})"),"#N/A") -> #N/A | K24: =H24/E24 -> 0.24175256 | M24: Bảo dưỡng sửa chữa hệ thống xử lý chất thải | O24: ='62762212'!F3 -> 94283500 | P24: =B24 -> Sửa chữa hệ thống xử lý chất thải
A25: 21 | B25: Sửa chữa hệ thống cấp nước | C25: 62762213 | D25: =VLOOKUP(C25,INFO!$B$2:$F$164,2,0) -> 780000000 | E25: 80000000 | F25: =VLOOKUP(C25,INFO!$B$2:$F$164,5,1) -> 13491000 | G25: ='62762213'!F3 -> 13491000 | H25: =MAX(F25:G25) -> 13491000 | I25: =E25-H25 -> 66509000 | J25: =IFERROR(_xlfn.__XLUDF.DUMMYFUNCTION("SPARKLINE(J44, {""charttype"",""bar""; ""max"",MAX($J$32:$J$49); ""color1"",""green""})"),"#N/A") -> #N/A | K25: =H25/E25 -> 0.1686375 | M25: Bảo dưỡng sửa chữa hệ thống cấp nước | O25: ='62762213'!F3 -> 13491000 | P25: =B25 -> Sửa chữa hệ thống cấp nước
A26: 22 | B26: Sửa chữa hệ thống thoát nước | C26: 62762214 | D26: =VLOOKUP(C26,INFO!$B$2:$F$164,2,0) -> 40000000 | E26: 40000000 | F26: =VLOOKUP(C26,INFO!$B$2:$F$164,5,1) -> 0 | G26: ='62762214'!F3 -> 0 | H26: =MAX(F26:G26) -> 0 | I26: =E26-H26 -> 40000000 | J26: =IFERROR(_xlfn.__XLUDF.DUMMYFUNCTION("SPARKLINE(J45, {""charttype"",""bar""; ""max"",MAX($J$32:$J$49); ""color1"",""green""})"),"#N/A") -> #N/A | K26: =H26/E26 -> 0 | M26: Bảo dưỡng sửa chữa hệ thống thoát nước | O26: ='62762214'!F3 -> 0 | P26: =B26 -> Sửa chữa hệ thống thoát nước
A27: 23 | B27: Sửa chữa hệ thống trạm thu phí | C27: 62762215 | D27: =VLOOKUP(C27,INFO!$B$2:$F$164,2,0) -> 570000000 | E27: 370000000 | F27: =VLOOKUP(C27,INFO!$B$2:$F$164,5,1) -> 351588400 | G27: ='62762215'!F3 -> 346450000 | H27: =MAX(F27:G27) -> 351588400 | I27: =E27-H27 -> 18411600 | J27: =IFERROR(_xlfn.__XLUDF.DUMMYFUNCTION("SPARKLINE(J46, {""charttype"",""bar""; ""max"",MAX($J$32:$J$49); ""color1"",""green""})"),"#N/A") -> #N/A | K27: =H27/E27 -> 0.95023892 | M27: Bảo dưỡng sửa chữa hệ thống trạm thu phí | O27: ='62762215'!F3 -> 346450000 | P27: =B27 -> Sửa chữa hệ thống trạm thu phí
A28: 24 | B28: Sửa chữa hệ thống thiết bị phục vụ máy bay | C28: 62762216 | D28: =VLOOKUP(C28,INFO!$B$2:$F$164,2,0) -> #N/A | O28: ='62762216'!F3 -> 0 | P28: =B28 -> Sửa chữa hệ thống thiết bị phục vụ máy bay
A29: 25 | B29: Sửa chữa hệ thống camera, CCTV | C29: 62762217 | D29: =VLOOKUP(C29,INFO!$B$2:$F$164,2,0) -> 300000000 | E29: 300000000 | F29: =VLOOKUP(C29,INFO!$B$2:$F$164,5,1) -> 0 | G29: ='62762217'!F3 -> 0 | H29: =MAX(F29:G29) -> 0 | I29: =E29-H29 -> 300000000 | J29: =IFERROR(_xlfn.__XLUDF.DUMMYFUNCTION("SPARKLINE(J48, {""charttype"",""bar""; ""max"",MAX($J$32:$J$49); ""color1"",""green""})"),"#N/A") -> #N/A | K29: =H29/E29 -> 0 | M29: Bảo dưỡng sửa chữa hệ thống camera, CCTV | O29: ='62762217'!F3 -> 0 | P29: =B29 -> Sửa chữa hệ thống camera, CCTV
A30: 26 | B30: Sửa chữa máy móc thiết bị khác | C30: 62762288 | D30: =VLOOKUP(C30,INFO!$B$2:$F$164,2,0) -> 90000000 | E30: 90000000 | F30: =VLOOKUP(C30,INFO!$B$2:$F$164,5,1) -> 15182434 | G30: ='62762288'!F3 -> 20568148 | H30: =MAX(F30:G30) -> 20568148 | I30: =E30-H30 -> 69431852 | J30: =IFERROR(_xlfn.__XLUDF.DUMMYFUNCTION("SPARKLINE(J49, {""charttype"",""bar""; ""max"",MAX($J$32:$J$49); ""color1"",""green""})"),"#N/A") -> #N/A | K30: =H30/E30 -> 0.22853498 | M30: Bảo dưỡng sửa chữa máy nước uống, chà sàn, máy cắt cỏ, máy đóng gói hành lý và các thiết bị khác | O30: ='62762288'!F3 -> 20568148 | P30: =B30 -> Sửa chữa máy móc thiết bị khác
A31: III | B31: SCTX PHƯƠNG TIỆN VẬN TẢI | E31: =SUM(E32:E35) -> 1780000000 | F31: =SUM(F32:F35) -> 853085694 | G31: =SUM(G32:G35) -> 1.2201487e+09 | H31: =SUM(H32:H35) -> 1.2236481e+09 | I31: =SUM(I32:I35) -> 5.5635189e+08 | K31: =H31/E31 -> 0.68744276 | P31: =B31 -> SCTX PHƯƠNG TIỆN VẬN TẢI
A32: 27 | B32: Sửa chữa phương tiện vận tải đặc chủng phục vụ bay | C32: 62762301 | D32: =VLOOKUP(C32,INFO!$B$2:$F$164,2,0) -> 2720000000 | E32: 1260000000 | F32: =VLOOKUP(C32,INFO!$B$2:$F$164,5,1) -> 581779517 | G32: ='62762301'!F3 -> 7.8329641e+08 | H32: =MAX(F32:G32) -> 7.8329641e+08 | I32: =E32-H32 -> 4.7670359e+08 | K32: =H32/E32 -> 0.62166381 | M32: Bảo dưỡng sửa chữa chuyển mùa phương tiện vận tải đặc chủng phục vụ bay | O32: ='62762301'!F3 -> 7.8329641e+08 | P32: =B32 -> Sửa chữa phương tiện vận tải đặc chủng phục vụ bay
A33: 28 | B33: Sửa chữa xe cứu hỏa, cứu thương, xe chuyên dùng | C33: 62762302 | D33: =VLOOKUP(C33,INFO!$B$2:$F$164,2,0) -> 600000000 | E33: 390000000 | F33: =VLOOKUP(C33,INFO!$B$2:$F$164,5,1) -> 230464464 | G33: ='62762302'!F3 -> 3.9530822e+08 | H33: =G33 -> 3.9530822e+08 | I33: =E33-H33 -> -5308217.8 | K33: =H33/E33 -> 1.0136108 | M33: Bảo dưỡng sửa chữa các xe cứu hoả, cứu thương, xe chuyên dùng | O33: ='62762302'!F3 -> 3.9530822e+08 | P33: =B33 -> Sửa chữa xe cứu hỏa, cứu thương, xe chuyên dùng
A34: 29 | B34: Sửa chữa xe ô tô, xe tải các loại | C34: 62762303 | D34: =VLOOKUP(C34,INFO!$B$2:$F$164,2,0) -> 100000000 | E34: 100000000 | F34: =VLOOKUP(C34,INFO!$B$2:$F$164,5,1) -> 32430749 | G34: ='62762303'!F3 -> 28931349 | H34: =MAX(F34:G34) -> 32430749 | I34: =E34-H34 -> 67569251 | K34: =H34/E34 -> 0.32430749 | M34: Bảo dưỡng sửa chữa các xe 15 chỗ và xe tải các loại | O34: ='62762303'!F3 -> 28931349 | P34: =B34 -> Sửa chữa xe ô tô, xe tải các loại
A35: 30 | B35: Sửa chữa xe ô tô (khối gián tiếp) | C35: 62762304 | D35: =VLOOKUP(C35,INFO!$B$2:$F$164,2,0) -> 30000000 | E35: 30000000 | F35: =VLOOKUP(C35,INFO!$B$2:$F$164,5,1) -> 8410964 | G35: ='62762304'!F3 -> 12612737 | H35: =MAX(F35:G35) -> 12612737 | I35: =E35-H35 -> 17387263 | K35: =H35/E35 -> 0.42042457 | M35: Bảo dưỡng sửa chữa các xe ô tô 4 chỗ, 7 chỗ… | O35: ='62762304'!F3 -> 12612737 | P35: =B35 -> Sửa chữa xe ô tô (khối gián tiếp)
A36: 31 | B36: Sửa chữa phương tiện vận tải khác | C36: 62762388 | F36: =IFERROR(VLOOKUP(C36,INFO!$B$2:$F$164,5,0),"") | G36: =IF('62762388'!E3<E36,E36,'62762388'!E3) -> 0 | O36: ='62762388'!F3 -> 0 | P36: =B36 -> Sửa chữa phương tiện vận tải khác
B37: CÁC CHI PHÍ KHÁC | P37: =B37 -> CÁC CHI PHÍ KHÁC
A38: 41 | B38: Thuê dịch vụ vệ sinh | C38: 627701 | D38: =VLOOKUP(C38,INFO!$B$2:$F$164,2,0) -> 930000000 | E38: 930000000 | F38: =VLOOKUP(C38,INFO!$B$2:$F$164,5,1) -> 158714210 | G38: ='627701'!F3 -> 660895710 | H38: =MAX(F38:G38) -> 660895710 | I38: =E38-H38 -> 269104290 | K38: =H38/E38 -> 0.71064055 | N38: -280000000 | O38: ='627701'!F3 -> 660895710 | P38: =B38 -> Thuê dịch vụ vệ sinh
A39: 42 | B39: Thuê dịch vụ bảo vệ | C39: 627702 | D39: =VLOOKUP(C39,INFO!$B$2:$F$164,2,0) -> 360000000 | E39: 360000000 | F39: =VLOOKUP(C39,INFO!$B$2:$F$164,5,1) -> 137293626 | G39: ='627702'!F3 -> 306662400 | H39: =MAX(F39:G39) -> 306662400 | I39: =E39-H39 -> 53337600 | K39: =H39/E39 -> 0.85184 | N39: -40000000 | O39: ='627702'!F3 -> 306662400 | P39: =B39 -> Thuê dịch vụ bảo vệ
A40: 43 | B40: Thuê dịch vụ vệ sinh môi trường, chất thải | C40: 627703 | D40: =VLOOKUP(C40,INFO!$B$2:$F$164,2,0) -> 120000000 | E40: 120000000 | F40: =VLOOKUP(C40,INFO!$B$2:$F$164,5,1) -> 28096366 | G40: ='627703'!F3 -> 0 | H40: =MAX(F40:G40) -> 28096366 | I40: =E40-H40 -> 91903634 | K40: =H40/E40 -> 0.23413638 | N40: 0 | O40: ='627703'!F3 -> 0 | P40: =B40 -> Thuê dịch vụ vệ sinh môi trường, chất thải
A41: 44 | B41: Dịch vụ VIP, khách hàng C | C41: 627704 | D41: =VLOOKUP(C41,INFO!$B$2:$F$164,2,0) -> 5000000 | E41: 5000000 | F41: =VLOOKUP(C41,INFO!$B$2:$F$164,5,1) -> 0 | G41: ='627704'!F3 -> 0 | H41: =MAX(F41:G41) -> 0 | I41: =E41-H41 -> 5000000 | K41: =H41/E41 -> 0 | N41: 0 | O41: ='627704'!F3 -> 0 | P41: =B41 -> Dịch vụ VIP, khách hàng C
A42: 45 | B42: Thuê vận chuyển bốc xếp | C42: 627706 | D42: =VLOOKUP(C42,INFO!$B$2:$F$164,2,0) -> 0 | E42: 100000000 | F42: =VLOOKUP(C42,INFO!$B$2:$F$164,5,1) -> 0 | G42: ='627706'!F3 -> 0 | H42: =MAX(F42:G42) -> 0 | I42: =E42-H42 -> 100000000 | K42: =H42/E42 -> 0 | N42: 0 | O42: ='627706'!F3 -> 0 | P42: =B42 -> Thuê vận chuyển bốc xếp
A43: 46 | B43: Thông tin liên lạc | C43: 627708 | D43: =VLOOKUP(C43,INFO!$B$2:$F$164,2,0) -> 123000000 | E43: 123000000 | F43: =VLOOKUP(C43,INFO!$B$2:$F$164,5,1) -> 72797904 | G43: ='627708'!F3 -> 0 | H43: =MAX(F43:G43) -> 72797904 | I43: =E43-H43 -> 50202096 | K43: =H43/E43 -> 0.59185288 | N43: 0 | O43: ='627708'!F3 -> 0 | P43: =B43 -> Thông tin liên lạc
A44: 47 | B44: Tiền điện | C44: 627709 | D44: =VLOOKUP(C44,INFO!$B$2:$F$164,2,0) -> 8500000000 | E44: 8500000000 | F44: =VLOOKUP(C44,INFO!$B$2:$F$164,5,1) -> 5283191499 | G44: ='627709'!F3 -> 0 | H44: =MAX(F44:G44) -> 5283191499 | I44: =E44-H44 -> 3216808501 | K44: =H44/E44 -> 0.62155194 | N44: 755000000 | O44: ='627709'!F3 -> 0 | P44: =B44 -> Tiền điện
A45: 48 | B45: Tiền nước | C45: 627710 | D45: =VLOOKUP(C45,INFO!$B$2:$F$164,2,0) -> 700000000 | E45: 700000000 | F45: =VLOOKUP(C45,INFO!$B$2:$F$164,5,1) -> 489413319 | G45: ='627710'!F3 -> 0 | H45: =MAX(F45:G45) -> 489413319 | I45: =E45-H45 -> 210586681 | K45: =H45/E45 -> 0.69916188 | N45: 0 | O45: ='627710'!F3 -> 0 | P45: =B45 -> Tiền nước
A46: 49 | B46: Bảo hiểm hàng không, phi hàng không | C46: 627712 | D46: =VLOOKUP(C46,INFO!$B$2:$F$164,2,0) -> 500000000 | E46: 500000000 | F46: =VLOOKUP(C46,INFO!$B$2:$F$164,5,1) -> 385895569 | G46: ='627712'!F3 -> 58796160 | H46: =MAX(F46:G46) -> 385895569 | I46: =E46-H46 -> 114104431 | K46: =H46/E46 -> 0.77179114 | N46: 0 | O46: ='627712'!F3 -> 58796160 | P46: =B46 -> Bảo hiểm hàng không, phi hàng không
A47: 50 | B47: Đào tạo, huấn luyện | C47: 627715 | D47: =VLOOKUP(C47,INFO!$B$2:$F$164,2,0) -> 1650000000 | E47: 1650000000 | F47: =VLOOKUP(C47,INFO!$B$2:$F$164,5,1) -> 1133804160 | G47: ='627715'!F3 -> 0 | H47: =MAX(F47:G47) -> 1133804160 | I47: =E47-H47 -> 516195840 | K47: =H47/E47 -> 0.68715404 | N47: 554000000 | O47: ='627715'!F3 -> 0 | P47: =B47 -> Đào tạo, huấn luyện
A48: 51 | B48: Chi dịch vụ tư vấn, ISO | C48: 627716 | D48: =VLOOKUP(C48,INFO!$B$2:$F$164,2,0) -> 502000000 | E48: =72000000+430000000 -> 502000000 | F48: =VLOOKUP(C48,INFO!$B$2:$F$164,5,1) -> 0 | G48: ='627716'!F3 -> 0 | H48: =MAX(F48:G48) -> 0 | I48: =E48-H48 -> 502000000 | K48: =H48/E48 -> 0 | N48: 72000000 | O48: ='627716'!F3 -> 0 | P48: =B48 -> Chi dịch vụ tư vấn, ISO
A49: 52 | B49: Truyền thông, quảng cáo | C49: 627717 | D49: =VLOOKUP(C49,INFO!$B$2:$F$164,2,0) -> #N/A | F49: =VLOOKUP(C49,INFO!$B$2:$F$164,5,1) -> 0 | N49: 0 | O49: ='627717'!F3 -> 0 | P49: =B49 -> Truyền thông, quảng cáo
A50: 53 | B50: Dịch vụ giám sát môi trường | C50: 627720 | D50: =VLOOKUP(C50,INFO!$B$2:$F$164,2,0) -> 42000000 | E50: 42000000 | F50: =VLOOKUP(C50,INFO!$B$2:$F$164,5,1) -> 0 | G50: ='627720'!F3 -> 8711000 | H50: =MAX(F50:G50)+12000000 -> 20711000 | I50: =E50-H50 -> 21289000 | K50: =H50/E50 -> 0.49311905 | N50: 0 | O50: ='627720'!F3 -> 8711000 | P50: =B50 -> Dịch vụ giám sát môi trường
A51: 54 | B51: Kiểm định | C51: 627721 | D51: =VLOOKUP(C51,INFO!$B$2:$F$164,2,0) -> 277000000 | E51: 277000000 | F51: =VLOOKUP(C51,INFO!$B$2:$F$164,5,1) -> 121826301 | G51: ='627721'!F3 -> 227930000 | H51: =MAX(F51:G51) -> 227930000 | I51: =E51-H51 -> 49070000 | K51: =H51/E51 -> 0.82285199 | N51: 0 | O51: ='627721'!F3 -> 227930000 | P51: =B51 -> Kiểm định
A52: 55 | B52: Thuê/ mua dịch vụ khác | C52: 627788 | D52: =VLOOKUP(C52,INFO!$B$2:$F$164,2,0) -> 1027000000 | E52: 1027000000 | F52: =VLOOKUP(C52,INFO!$B$2:$F$164,5,1) -> 522713989 | G52: ='627788'!F3 -> 8.2549996e+08 | H52: =MAX(F52:G52) -> 8.2549996e+08 | I52: =E52-H52 -> 2.0150004e+08 | K52: =H52/E52 -> 0.80379743 | N52: 753000000 | O52: ='627788'!F3 -> 8.2549996e+08 | P52: =B52 -> Thuê/ mua dịch vụ khác
A53: 56 | B53: Trang phục ngành | C53: 627801 | D53: =VLOOKUP(C53,INFO!$B$2:$F$164,2,0) -> 910000000 | E53: 910000000 | F53: =VLOOKUP(C53,INFO!$B$2:$F$164,5,1) -> 422152406 | G53: ='627801'!F3 -> 0 | H53: =MAX(F53:G53) -> 422152406 | I53: =E53-H53 -> 487847594 | K53: =H53/E53 -> 0.46390374 | N53: 66000000 | O53: ='627801'!F3 -> 0 | P53: =B53 -> Trang phục ngành
A54: 57 | B54: Bảo hộ lao động | C54: 627804 | D54: =VLOOKUP(C54,INFO!$B$2:$F$164,2,0) -> 546000000 | E54: 546000000 | F54: =VLOOKUP(C54,INFO!$B$2:$F$164,5,1) -> 410503960 | G54: ='627804'!F3 -> 517395000 | H54: =MAX(F54:G54) -> 517395000 | I54: =E54-H54 -> 28605000 | K54: =H54/E54 -> 0.94760989 | M54: 0 | N54: 0 | O54: ='627804'!F3 -> 517395000 | P54: =B54 -> Bảo hộ lao động
A55: 58 | B55: Văn phòng phẩm | C55: 627806 | D55: =VLOOKUP(C55,INFO!$B$2:$F$164,2,0) -> 60000000 | E55: 60000000 | F55: =VLOOKUP(C55,INFO!$B$2:$F$164,5,1) -> 34944722 | G55: ='627806'!F3 -> 46959167 | H55: =MAX(F55:G55) -> 46959167 | I55: =E55-H55 -> 13040833 | K55: =H55/E55 -> 0.78265278 | N55: 0 | O55: ='627806'!F3 -> 46959167 | P55: =B55 -> Văn phòng phẩm
A56: 59 | B56: Giấy , mực in, mực photo | C56: 627807 | D56: =VLOOKUP(C56,INFO!$B$2:$F$164,2,0) -> 140000000 | E56: 140000000 | F56: =VLOOKUP(C56,INFO!$B$2:$F$164,5,1) -> 56343149 | G56: ='627807'!F3 -> 56416500 | H56: =MAX(F56:G56) -> 56416500 | I56: =E56-H56 -> 83583500 | K56: =H56/E56 -> 0.402975 | N56: 50000000 | O56: ='627807'!F3 -> 56416500 | P56: =B56 -> Giấy , mực in, mực photo
A57: 60 | B57: Mua , in ấn , pho to chứng từ, tài liệu | C57: 627808 | D57: =VLOOKUP(C57,INFO!$B$2:$F$164,2,0) -> 95000000 | E57: 95000000 | F57: =VLOOKUP(C57,INFO!$B$2:$F$164,5,1) -> 35656764 | G57: ='627808'!F3 -> 52776519 | H57: =MAX(F57:G57) -> 52776519 | I57: =E57-H57 -> 42223481 | K57: =H57/E57 -> 0.5555423 | N57: 10000000 | O57: ='627808'!F3 -> 52776519 | P57: =B57 -> Mua , in ấn , pho to chứng từ, tài liệu
A58: 61 | B58: Hội nghị, khánh thành | C58: 627809 | D58: =VLOOKUP(C58,INFO!$B$2:$F$164,2,0) -> 0 | E58: (theo chính sách chung TCT) | F58: =VLOOKUP(C58,INFO!$B$2:$F$164,5,1) -> 22289815 | G58: ='627809'!F3 -> 0 | H58: =MAX(F58:G58) -> 22289815 | N58: 105000000 | O58: ='627809'!F3 -> 0 | P58: =B58 -> Hội nghị, khánh thành
A59: 62 | B59: Chi phí giao dịch | C59: 627810 | D59: =VLOOKUP(C59,INFO!$B$2:$F$164,2,0) -> 420000000 | E59: 420000000 | F59: =VLOOKUP(C59,INFO!$B$2:$F$164,5,1) -> 418912785 | G59: ='627810'!F3 -> 0 | H59: =MAX(F59:G59) -> 418912785 | I59: =E59-H59 -> 1087215 | K59: =H59/E59 -> 0.99741139 | N59: 200000000 | O59: ='627810'!F3 -> 0 | P59: =B59 -> Chi phí giao dịch
A60: 63 | B60: Công tác phí trong nước | C60: 627812 | D60: =VLOOKUP(C60,INFO!$B$2:$F$164,2,0) -> 240000000 | E60: 240000000 | F60: =VLOOKUP(C60,INFO!$B$2:$F$164,5,1) -> 217522408 | G60: ='627812'!F3 -> 0 | H60: =MAX(F60:G60) -> 217522408 | I60: =E60-H60 -> 22477592 | K60: =H60/E60 -> 0.90634337 | N60: 0 | O60: ='627812'!F3 -> 0 | P60: =B60 -> Công tác phí trong nước
A61: 64 | B61: Lệ phí giao thông, cầu đường, đăng kiểm | C61: 627813 | D61: =VLOOKUP(C61,INFO!$B$2:$F$164,2,0) -> 50000000 | E61: 50000000 | F61: =VLOOKUP(C61,INFO!$B$2:$F$164,5,1) -> 30055874 | G61: ='627813'!F3 -> 12598920 | H61: =MAX(F61:G61) -> 30055874 | I61: =E61-H61 -> 19944126 | K61: =H61/E61 -> 0.60111748 | N61: 0 | O61: ='627813'!F3 -> 12598920 | P61: =B61 -> Lệ phí giao thông, cầu đường, đăng kiểm
A62: 65 | B62: Chi phí chăm sóc cây cảnh và trang trí nhà ga, văn phòng | C62: 627816 | D62: =VLOOKUP(C62,INFO!$B$2:$F$164,2,0) -> 270000000 | E62: 270000000 | F62: =VLOOKUP(C62,INFO!$B$2:$F$164,5,1) -> 74440904 | G62: ='627816'!F3 -> 87815258 | H62: =MAX(F62:G62) -> 87815258 | I62: =E62-H62 -> 1.8218474e+08 | K62: =H62/E62 -> 0.3252417 | N62: 100000000 | O62: ='627816'!F3 -> 87815258 | P62: =B62 -> Chi phí chăm sóc cây cảnh và trang trí nhà ga, văn phòng
A63: 66 | B63: Chi phí cấp phép an ninh, vận hành trang thiết bị | C63: 627817 | D63: =VLOOKUP(C63,INFO!$B$2:$F$164,2,0) -> 105000000 | E63: 105000000 | F63: =VLOOKUP(C63,INFO!$B$2:$F$164,5,1) -> 26960000 | G63: ='627817'!F3 -> 0 | H63: =MAX(F63:G63) -> 26960000 | I63: =E63-H63 -> 78040000 | K63: =H63/E63 -> 0.2567619 | N63: 303000000 | O63: ='627817'!F3 -> 0 | P63: =B63 -> Chi phí cấp phép an ninh, vận hành trang thiết bị
A64: 67 | B64: Công tác PCCC | C64: 627818 | D64: =VLOOKUP(C64,INFO!$B$2:$F$164,2,0) -> 160000000 | E64: 160000000 | F64: =VLOOKUP(C64,INFO!$B$2:$F$164,5,1) -> 0 | G64: ='627818'!F3 -> 0 | H64: =MAX(F64:G64) -> 0 | I64: =E64-H64 -> 160000000 | K64: =H64/E64 -> 0 | N64: 0 | O64: ='627818'!F3 -> 0 | P64: =B64 -> Công tác PCCC
A65: 68 | B65: Công tác an ninh, an toàn hàng không | C65: 627826 | D65: =VLOOKUP(C65,INFO!$B$2:$F$164,2,0) -> 245000000 | E65: 245000000 | F65: =VLOOKUP(C65,INFO!$B$2:$F$164,5,1) -> 73210259 | G65: ='627826'!F3 -> 16837320 | H65: =MAX(F65:G65) -> 73210259 | I65: =E65-H65 -> 171789741 | K65: =H65/E65 -> 0.29881738 | N65: 0 | O65: ='627826'!F3 -> 16837320 | P65: =B65 -> Công tác an ninh, an toàn hàng không
A66: 69 | B66: Chi phí nhiên liệu | C66: 62721 | D66: =VLOOKUP(C66,INFO!$B$2:$F$164,2,0) -> 800000000 | E66: 800000000 | F66: =VLOOKUP(C66,INFO!$B$2:$F$164,5,1) -> 916253686 | G66: ='62721'!F3 -> 0 | H66: =MAX(F66:G66) -> 916253686 | I66: =E66-H66 -> -116253686 | K66: =H66/E66 -> 1.1453171 | N66: 180000000 | O66: ='62721'!F3 -> 0 | P66: =B66 -> Chi phí nhiên liệu
A67: 70 | B67: Vật tư vệ sinh | C67: 62722 | D67: =VLOOKUP(C67,INFO!$B$2:$F$164,2,0) -> 150000000 | E67: 150000000 | F67: =VLOOKUP(C67,INFO!$B$2:$F$164,5,1) -> 157182286 | G67: ='62722'!F3 -> 1.4981388e+08 | H67: =MAX(F67:G67) -> 157182286 | I67: =E67-H67 -> -7182286 | K67: =H67/E67 -> 1.0478819 | M67: Lưu ý chỉ tính khi xuất kho | N67: 0 | O67: ='62722'!F3 -> 1.4981388e+08 | P67: =B67 -> Vật tư vệ sinh
A68: 71 | B68: Vật tư, tem, nhãn kiểm tra an ninh hàng không | C68: 62723 | D68: =VLOOKUP(C68,INFO!$B$2:$F$164,2,0) -> 20000000 | E68: 20000000 | F68: =VLOOKUP(C68,INFO!$B$2:$F$164,5,1) -> 0 | G68: ='62723'!F3 -> 0 | H68: =MAX(F68:G68) -> 0 | I68: =E68-H68 -> 20000000 | K68: =H68/E68 -> 0 | N68: 0 | O68: ='62723'!F3 -> 0 | P68: =B68 -> Vật tư, tem, nhãn kiểm tra an ninh hàng không
A69: 72 | B69: Vật liệu phục vụ chuyến bay | C69: 62724 | D69: =VLOOKUP(C69,INFO!$B$2:$F$164,2,0) -> 40000000 | E69: 28000000 | F69: =VLOOKUP(C69,INFO!$B$2:$F$164,5,1) -> 27714000 | G69: ='62724'!F3 -> 19394320 | H69: =MAX(F69:G69) -> 27714000 | I69: =E69-H69 -> 286000 | K69: =H69/E69 -> 0.98978571 | M69: Lưu ý chỉ tính khi xuất kho | N69: 0 | O69: ='62724'!F3 -> 19394320 | P69: =B69 -> Vật liệu phục vụ chuyến bay
A70: 73 | B70: Vật liệu xử lý chất thải, hóa chất hệ thống lạnh | C70: 62725 | D70: =VLOOKUP(C70,INFO!$B$2:$F$164,2,0) -> 126000000 | E70: 126000000 | F70: =VLOOKUP(C70,INFO!$B$2:$F$164,5,1) -> 87955140 | G70: ='62725'!F3 -> 87955140 | H70: =MAX(F70:G70) -> 87955140 | I70: =E70-H70 -> 38044860 | K70: =H70/E70 -> 0.69805667 | N70: 0 | O70: ='62725'!F3 -> 87955140 | P70: =B70 -> Vật liệu xử lý chất thải, hóa chất hệ thống lạnh
A71: 74 | B71: Vật tư in ấn vé sân đường, hóa đơn | C71: 62726 | E71: 20000000 | F71: =VLOOKUP(C71,INFO!$B$2:$F$164,5,1) -> 10249999 | G71: ='62726'!F3 -> 2000000 | H71: =MAX(F71:G71) -> 10249999 | I71: =E71-H71 -> 9750001 | K71: =H71/E71 -> 0.51249995 | N71: 0 | O71: ='62726'!F3 -> 2000000 | P71: =B71 -> Vật tư in ấn vé sân đường, hóa đơn
A72: 75 | B72: Chi phí nhiên liệu phục vụ công tác | C72: 62727 | D72: =VLOOKUP(C72,INFO!$B$2:$F$164,2,0) -> 75000000 | E72: 75000000 | F72: =VLOOKUP(C72,INFO!$B$2:$F$164,5,1) -> 31735263 | G72: ='62727'!F3 -> 0 | H72: =MAX(F72:G72) -> 31735263 | I72: =E72-H72 -> 43264737 | K72: =H72/E72 -> 0.42313684 | N72: 0 | O72: ='62727'!F3 -> 0 | P72: =B72 -> Chi phí nhiên liệu phục vụ công tác
B73: CỘNG CỤ DỤNG CỤ | N73: 0 | P73: =B73 -> CỘNG CỤ DỤNG CỤ
B74: CCDC LAO ĐỘNG TỔNG | E74: =E75 -> 650000000 | G74: =G75+G76+G77+G78 -> 3.5349265e+08 | H74: =H75+H76+H77+H78 -> 595714878 | I74: =E74-H74 -> 54285122
A75: 76 | B75: Công cụ dụng cụ lao động | C75: 627311 | D75: =VLOOKUP(C75,INFO!$B$2:$F$164,2,0) -> 610000000 | E75: 650000000 | F75: =VLOOKUP(C75,INFO!$B$2:$F$164,5,1) -> 411772493 | G75: ='627311'!F3 -> 3.5349265e+08 | H75: =MAX(F75:G75) -> 411772493 | I75: =E75-H75 -> 238227507 | K75: =H75/E75 -> 0.63349614 | N75: 550000000 | O75: ='627311'!F3 -> 3.5349265e+08 | P75: =B75 -> Công cụ dụng cụ lao động
A76: 77 | B76: Trang thiết bị văn phòng | C76: 627312 | D76: =VLOOKUP(C76,INFO!$B$2:$F$164,2,0) -> 73000000 | E76: 73000000 | F76: =VLOOKUP(C76,INFO!$B$2:$F$164,5,1) -> 122391542 | G76: ='627312'!F3 -> 0 | H76: =MAX(F76:G76) -> 122391542 | I76: =E76-H76 -> -49391542 | K76: =H76/E76 -> 1.6765965 | L76: Khấu hao | N76: 280000000 | O76: ='627312'!F3 -> 0 | P76: =B76 -> Trang thiết bị văn phòng
A77: 78 | B77: Trang thiết bị và bảng biểu nhà ga | C77: 627313 | D77: =VLOOKUP(C77,INFO!$B$2:$F$164,2,0) -> 100000000 | E77: 100000000 | F77: =VLOOKUP(C77,INFO!$B$2:$F$164,5,1) -> 0 | G77: ='627313'!F3 -> 0 | H77: =MAX(F77:G77) -> 0 | I77: =E77-H77 -> 100000000 | K77: =H77/E77 -> 0 | L77: Khấu hao | N77: 0 | O77: ='627313'!F3 -> 0
A78: 79 | B78: Bàn ghế, tủ, quầy ,vật dụng khác | C78: 627314 | D78: =VLOOKUP(C78,INFO!$B$2:$F$164,2,0) -> 80000000 | E78: 80000000 | F78: =VLOOKUP(C78,INFO!$B$2:$F$164,5,1) -> 61550843 | G78: ='627314'!F3 -> 0 | H78: =MAX(F78:G78) -> 61550843 | I78: =E78-H78 -> 18449157 | K78: =H78/E78 -> 0.76938554 | L78: Khấu hao | N78: 150000000 | O78: ='627314'!F3 -> 0 | P78: =B78 -> Bàn ghế, tủ, quầy ,vật dụng khác
A79: 80 | B79: Chi phí sửa chữa công cụ dụng cụ | C79: 627321 | D79: =VLOOKUP(C79,INFO!$B$2:$F$164,2,0) -> 196000000 | E79: 196000000 | F79: =VLOOKUP(C79,INFO!$B$2:$F$164,5,1) -> 5697139 | G79: ='627321'!F3 -> 157407.41 | H79: =MAX(F79:G79) -> 5697139 | I79: =E79-H79 -> 190302861 | K79: =H79/E79 -> 0.029067036 | N79: 30000000 | O79: ='627321'!F3 -> 157407.41 | P79: =B79 -> Chi phí sửa chữa công cụ dụng cụ
A80: 81 | B80: Chi phí sửa chữa công cụ dụng cụ (khối gián tiếp) | C80: 627322 | D80: =VLOOKUP(C80,INFO!$B$2:$F$164,2,0) -> 30000000 | E80: 30000000 | F80: =VLOOKUP(C80,INFO!$B$2:$F$164,5,1) -> 4151848 | G80: ='627322'!F3 -> 19887407 | H80: =MAX(F80:G80) -> 19887407 | I80: =E80-H80 -> 10112593 | K80: =H80/E80 -> 0.66291358 | N80: -25000000 | O80: ='627322'!F3 -> 19887407 | P80: =B80 -> Chi phí sửa chữa công cụ dụng cụ (khối gián tiếp)
B81: CHI PHÍ BÁN HÀNG | N81: 0 | P81: =B81 -> CHI PHÍ BÁN HÀNG
A82: 82 | B82: Chi phí nguyên vật liệu, bao bì | C82: 6412 | D82: =VLOOKUP(C82,INFO!$B$2:$F$164,2,0) -> 70000000 | E82: 70000000 | F82: =VLOOKUP(C82,INFO!$B$2:$F$164,5,1) -> 46589959 | G82: ='6412'!F3 -> 65842500 | H82: =MAX(F82:G82) -> 65842500 | I82: =E82-H82 -> 4157500 | K82: =H82/E82 -> 0.94060714 | N82: -40000000 | O82: ='6412'!F3 -> 65842500 | P82: =B82 -> Chi phí nguyên vật liệu, bao bì
A83: 83 | B83: Chi phí công cụ dụng cụ, đồ dùng | C83: 6413 | D83: =VLOOKUP(C83,INFO!$B$2:$F$164,2,0) -> 147000000 | E83: 147000000 | F83: =VLOOKUP(C83,INFO!$B$2:$F$164,5,1) -> 21333336 | G83: ='6413'!F3 -> 0 | H83: =MAX(F83:G83) -> 21333336 | I83: =E83-H83 -> 125666664 | K83: =H83/E83 -> 0.14512473 | N83: 110000000 | O83: ='6413'!F3 -> 0 | P83: =B83 -> Chi phí công cụ dụng cụ, đồ dùng
A84: 85 | B84: Chi phí bảo dưỡng, sửa chữa | C84: 6416 | D84: =VLOOKUP(C84,INFO!$B$2:$F$164,2,0) -> 0 | E84: 70000000 | F84: =VLOOKUP(C84,INFO!$B$2:$F$164,5,1) -> 0 | G84: ='6416'!F3 -> 0 | H84: =MAX(F84:G84) -> 0 | I84: =E84-H84 -> 70000000 | K84: =H84/E84 -> 0 | N84: 0 | O84: ='6416'!F3 -> 0 | P84: =B84 -> Chi phí bảo dưỡng, sửa chữa
A85: 86 | B85: Chi phí dịch vụ thuê/mua ngoài khác | C85: 641788 | D85: =VLOOKUP(C85,INFO!$B$2:$F$164,2,0) -> 147000000 | E85: 147000000 | F85: =VLOOKUP(C85,INFO!$B$2:$F$164,5,1) -> 2100000 | G85: ='641788'!F3 -> 9200000 | H85: =MIN(F85:G85) -> 2100000 | I85: =E85-H85 -> 144900000 | K85: =H85/E85 -> 0.014285714 | M85: Khấu hao theo tháng | N85: -260000000 | O85: 440000000 | P85: =B85 -> Chi phí dịch vụ thuê/mua ngoài khác
E86: =SUM(E4:E85) -> 42698000000 | F86: =SUM(F4:F85) -> 16806148146 | G86: =SUM(G4:G85) -> 1.5708254e+10 | H86: =SUM(H4:H85) -> 2.5729745e+10 | I86: =SUM(I4:I85) -> 1.6990545e+10 | K86: =H86/E86 -> 0.60259836

Sheet 62721
A2: STT | B2: Danh mục | C2: Mã khoản mục chi phí | D2: ĐƯỢC DUYỆT | E2: BỔ SUNG | F2: THỰC HIỆN | G2: CÒN LẠI/ TIẾN ĐỘ | H2: QUY MÔ | I2: NGƯỜI THỰC HIỆN | J2: MỤC LỤC
B3: Chi phí nhiên liệu | C3: 62721 | D3: =VLOOKUP(C3,'TỔNG HỢP'!$C$4:$P$84,3,0) -> 800000000 | F3: =SUM(F4:F889) -> 0 | G3: =D3-F3 -> 800000000
A21: 1
A22: 2

Sheet 62722
A2: STT | B2: Danh mục | C2: Mã khoản mục chi phí | D2: ĐƯỢC DUYỆT | E2: BỔ SUNG | F2: THỰC HIỆN | G2: CÒN LẠI | H2: QUY MÔ | I2: NGƯỜI THỰC HIỆN | J2: MỤC LỤC
B3: Vật tư vệ sinh | C3: 62722 | D3: =VLOOKUP(C3,'TỔNG HỢP'!$C$4:$P$84,3,0) -> 150000000 | F3: =SUM(F4:F889) -> 1.4981388e+08 | G3: =D3-F3 -> 186116.85
B4: Mua giấy vệ sinh và bao rác | F4: 59035735 | H4: 46071 | I4: Nhung
B5: Mua giấy vệ sinh và bao rác | F5: =49150000/1.08 -> 45509259 | H5: 46162 | I5: Nhung
B6: Mua giấy vệ sinh và bao rác | F6: =48890400/1.08 -> 45268889 | H6: 46307 | I6: Nhung
B16: Mua giấy vệ sinh | E16: 24520000 | H16: 45677 | I16: Nhung
B17: Bao rác đen đại 80x100cm | E17: =80*38194 -> 3055520 | H17: 45701
B18: Mua giấy vệ sinh và bao rác (hợp đồng nguyên tắc 21.600.000đ/tháng) | E18: 216000000 | H18: 45733 | I18: Nhung
B19: Siniguard, paraffin, Hóa chất tảy, pad chà sàn | E19: 9807723 | H19: 45733 | I19: Nhung
B20: Eco Anti-Bac | E20: 1475000 | H20: 45923 | I20: Nhung
A21: 1 | B21: Tẩy căn canxi | E21: 687000 | H21: 45926 | I21: Nhung
A22: 2 | B22: Cây lau nhà mút xốp xàm | E22: 1600000 | H22: 45985 | I22: Nhung

Sheet 62723
A2: STT | B2: Danh mục | C2: Mã khoản mục chi phí | D2: ĐƯỢC DUYỆT | E2: BỔ SUNG | F2: SỐ TIỀN ĐÃ/ ĐANG THỰC HIỆN | G2: CÒN LẠI/ TIẾN ĐỘ | H2: QUY MÔ | I2: NGƯỜI THỰC HIỆN | J2: MỤC LỤC
B3: =VLOOKUP(C3,'TỔNG HỢP'!$C$4:$P$84,14,0) -> Vật tư, tem, nhãn kiểm tra an ninh hàng không | C3: 62723 | D3: =VLOOKUP(C3,'TỔNG HỢP'!$C$4:$P$84,3,0) -> 20000000 | F3: =SUM(F4:F889) -> 0
A21: 1
A22: 2

Sheet 62724
A2: STT | B2: Danh mục | C2: Mã khoản mục chi phí | D2: ĐƯỢC DUYỆT | E2: BỔ SUNG | F2: SỐ TIỀN ĐÃ/ ĐANG THỰC HIỆN | G2: CÒN LẠI/ TIẾN ĐỘ | H2: QUY MÔ | I2: NGƯỜI THỰC HIỆN | J2: MỤC LỤC
B3: Vật liệu phục vụ chuyến bay | C3: 62724 | D3: =VLOOKUP(C3,'TỔNG HỢP'!$C$4:$P$84,3,0) -> 28000000 | F3: =SUM(F4:F900) -> 19394320 | G3: =D3-F3 -> 8605680
B4: Biểu mẫu phục vụ chuyến bay | F4: 5420000 | H4: 46112 | I4: Khanh
B5: Lưới phủ mâm hàng | F5: 4000000 | H5: 46112 | I5: Khanh
B6: Photo biểu mẫu phục vụ chuyến bay | F6: 908000 | H6: 46146 | I6: Tân Hoa
B7: Photo biểu mẫu phục vụ chuyến bay | F7: 442800 | H7: 46153 | I7: Bách
B8: Photo biểu mẫu phục vụ chuyến bay | F8: 1260000 | H8: 46191 | I8: Tân Hoa
B9: Photo biểu mẫu phục vụ chuyến bay | F9: =535680/1.08 -> 496000 | H9: 46202 | I9: Bách
B10: Photo biểu mẫu phục vụ chuyến bay | F10: 1260000 | H10: 46217 | I10: Tân Hoa
B11: Photo biểu mẫu phục vụ chuyến bay | F11: 626400 | H11: 46237 | I11: Bách
B12: Photo biểu mẫu phục vụ chuyến bay | F12: 1260000 | H12: 46245 | I12: Tân Hoa
B13: Photo biểu mẫu phục vụ chuyến bay | F13: 484000 | H13: 46272 | I13: Bách
B14: Photo biểu mẫu phục vụ chuyến bay | F14: 1260000 | H14: 46274 | I14: Tân Hoa
B15: Photo biểu mẫu phục vụ chuyến bay | F15: 1260000 | H15: 46304 | I15: Tân Hoa
B16: Photo biểu mẫu phục vụ chuyến bay | F16: 717120 | H16: 46308 | I16: Bách
B29: Photo biểu mẫu phục vụ chuyến bay | D29: đưa về mã PVB | E29: 4944000 | H29: 45712 | I29: Tân Hoa
B30: In Bingo card, phiếu kiểm soát chuyến bay | D30: đưa về mã PVB | E30: 9300000 | H30: 45749 | I30: Trân
B31: Photo biểu mẫu phục vụ chuyến bay | D31: đưa về mã PVB | E31: 3500000 | H31: 45800 | I31: Tân Hoa
B32: Biểu mẫu phục vụ chuyến bay | D32: đưa về mã PVB | E32: 3200000 | H32: 45915 | I32: Tân Hoa

Sheet 62725
A2: STT | B2: Danh mục | C2: Mã khoản mục chi phí | D2: ĐƯỢC DUYỆT | E2: BỔ SUNG | F2: THỰC HIỆN | G2: CÒN LẠI/ TIẾN ĐỘ | H2: Ngày | I2: NGƯỜI THỰC HIỆN | J2: MỤC LỤC
B3: Vật liệu xử lý chất thải, hóa chất hệ thống lạnh | C3: 62725 | D3: =VLOOKUP(C3,'TỔNG HỢP'!$C$4:$P$84,3,0) -> 126000000 | F3: =SUM(F4:F889) -> 87955140 | G3: =D3-F3 -> 38044860
B4: Hóa chất xử lý nước chống cáu cặn số lượng dùng trong 06 tháng | F4: 87955140 | H4: 46150 | I4: Tân
B18: Hóa chất xử lý nước chống cáu cặn số lượng dùng trong 06 tháng | E18: 87955140 | H18: 45698 | I18: Tân
B19: Hóa chất xử lý nước chống cáu cặn số lượng dùng trong 06 tháng | E19: 87955140 | G19: 87955140 | H19: 45839 | I19: Tân
A21: 1
A22: 2 | B22: Hóa chất xử lý nước cho hệ thống điều hòa | H22: 45454 | I22: Tân
B23: Hóa chất và dịch vụ tẩy cáu cặn đường ống làm mát bình ngưng của 02 Chiller | H23: 45579 | I23: Cống Đức

Sheet 62726
A2: STT | B2: Danh mục | C2: Mã khoản mục chi phí | D2: ĐƯỢC DUYỆT | E2: BỔ SUNG | F2: SỐ TIỀN ĐÃ/ ĐANG THỰC HIỆN | G2: CÒN LẠI/ TIẾN ĐỘ | H2: QUY MÔ | I2: NGƯỜI THỰC HIỆN | J2: MỤC LỤC
B3: =VLOOKUP(C3,'TỔNG HỢP'!$C$4:$P$84,14,0) -> Vật tư in ấn vé sân đường, hóa đơn | C3: 62726 | D3: =VLOOKUP(C3,'TỔNG HỢP'!$C$4:$P$84,3,0) -> 20000000 | F3: =SUM(F4:F889) -> 2000000
B4: Giấy in nhiệt | F4: 2000000 | H4: 46112 | I4: Lan
A21: 1
A22: 2

Sheet 62727
A2: STT | B2: Danh mục | C2: Mã khoản mục chi phí | D2: ĐƯỢC DUYỆT | E2: BỔ SUNG | F2: SỐ TIỀN ĐÃ/ ĐANG THỰC HIỆN | G2: CÒN LẠI/ TIẾN ĐỘ | H2: QUY MÔ | I2: NGƯỜI THỰC HIỆN | J2: MỤC LỤC
B3: =VLOOKUP(C3,'TỔNG HỢP'!$C$4:$P$84,14,0) -> Chi phí nhiên liệu phục vụ công tác | C3: 62727 | D3: =VLOOKUP(C3,'TỔNG HỢP'!$C$4:$P$84,3,0) -> 75000000 | F3: =SUM(F4:F889) -> 0
A21: 1
A22: 2

Sheet 627311
A2: STT | B2: Danh mục | C2: Mã khoản mục chi phí | D2: ĐƯỢC DUYỆT | E2: ĐỀ XUẤT CUỐI NĂM | F2: SỐ TIỀN THỰC HIỆN | G2: CÒN LẠI | H2: CÒN LẠI/ TIẾN ĐỘ | I2: Ngày | J2: Người thực hiện | K2: MỤC LỤC
B3: Công cụ dụng cụ lao động | C3: 627311 | D3: =VLOOKUP(C3,'TỔNG HỢP'!$C$4:$P$84,3,0) -> 650000000 | E3: =SUM(E4:E62) -> 1.8589667e+08 | F3: =SUM(F4:F76) -> 3.5349265e+08 | G3: =D3-E3-F3 -> 1.1061068e+08 | H3: =D3-F3 -> 2.9650735e+08
B4: Máy nén cao áp (Nhà xe ngoại trường) | F4: =7039500/1.08 -> 6518055.6 | I4: 46031 | J4: Chính Trung
B5: Tủ hồ sơ 6 tủ PVMĐ | F5: 20400000 | I5: 46048 | J5: Thúy
B6: Máy scan Brother | F6: 8500000 | I6: 46050 | J6: Trân | M6: STT | N6: Tên hạng mục kế hoạch | O6: Đvt | P6: Số lượng hiện có | Q6: Đơn giá | R6: KẾ HOẠCH 2026 | T6: Ghi chú
B7: Ghế ngồi quầy thủ tục 12 cái | F7: 12000000 | I7: 46057 | J7: Tân | R7: Số lượng | S7: Thành tiền
B8: Gia công thùng FOD khu vực sân đỗ tàu bay | F8: 3040000 | I8: 46100 | J8: Nguyên | M8: I | N8: CÔNG CỤ DỤNG CỤ LAO ĐỘNG: | S8: =SUM(S9:S43) -> 855500000
B9: 2 Tủ nhựa Duy Tân (A Hoa) | F9: =1320000/1.08 -> 1222222.2 | I9: 46112 | J9: Khanh | N9: TRANG BỊ PHỤC VỤ ĐÁNH GIÁ NÂNG CẤP CẢNG HÀNG KHÔNG 4 SAO
B10: Máy scan cho Đội VS và VH TBB | F10: =17300000/1.08 -> 16018519 | I10: 46112 | J10: Khanh | N10: Bảng led khu vực chờ xe | O10: cái | Q10: 20000000 | R10: 1 | S10: =Q10*R10 -> 20000000 | T10: 4 sao
B11: Chóp an toàn (20 cái) | F11: 8640000 | I11: 46112 | J11: Khanh | N11: Xe đẩy trẻ em chuẩn sân bay | O11: cái | Q11: 20000000 | R11: 20 | S11: =Q11*R11 -> 400000000 | T11: 4 sao
B12: Ghế gấp gọn phòng cha mẹ (2 cái) | D12: TC 4 Sao | F12: =550000*2 -> 1100000 | G12: đã thực hiện | H12: đã thực hiện | I12: 46129 | J12: Nhung | N12: Loa phục vụ hành khách đặc biệt | O12: cái | Q12: 5000000 | R12: 2 | S12: =Q12*R12 -> 10000000 | T12: 4 sao
B13: Thang bồn cầu trẻ em (8 cái) | F13: =8*599000 -> 4792000 | I13: 46129 | J13: Nhung | N13: Trụ sạc điện thoại | O13: cái | Q13: 10000000 | R13: 5 | S13: =Q13*R13 -> 50000000 | T13: 4 sao
B14: Máy đầm cóc (Khu bay) | F14: =19820000/1.08 -> 18351852 | I14: 46178 | J14: Ngân | N14: Thùng rác WC có nắp theo tiêu chuẩn | O14: cái | Q14: 1000000 | R14: 100 | S14: =Q14*R14 -> 100000000 | T14: 4 sao
B15: Áo phao | F15: 10150000 | I15: 46189 | J15: Tân | N15: PHÒNG KỸ THUẬT HẠ TẦNG
B16: Máy đo nồng độ cồn | F16: 13775000 | I16: 46191 | J16: Thiện | N16: Máy cắt cỏ 02 thì | O16: cái | Q16: 4000000 | R16: 2 | S16: =Q16*R16 -> 8000000
B17: Bàn thay tã gắn tường (01 cái) | D17: TC 4 Sao | F17: 4500000 | G17: =SUM(F17:F24) -> 90530336 | H17: =SUM(F17:F24) -> 90530336 | I17: 46237 | J17: Nhung | N17: Bộ đàm | O17: cái | Q17: 7500000 | R17: 3 | S17: =Q17*R17 -> 22500000
B18: Máy đa năng hâm sữa cho bé (5c phòng cha mẹ) | D18: TC 4 Sao | F18: 5697743 | I18: 46237 | J18: Nhung | N18: PHÒNG PHỤC VỤ MẶT ĐẤT
B19: Máy khuếch tán tinh dầu (14 cái) | D19: TC 4 Sao | F19: =57258400/1.08 -> 53017037 | I19: 46237 | J19: Nhung | K19: Hiện đang mua trước 1 cái | N19: Bộ đàm | O19: cái | P19: 16 | Q19: 7500000 | R19: 6 | S19: =Q19*R19 -> 45000000
B20: Ghế gấp gọn phòng cha mẹ (4 cái) | D20: TC 4 Sao | F20: 2200000 | I20: 46237 | J20: Nhung | N20: Máy scan EPSON DS-530II | O20: cái | Q20: 9000000 | R20: 1 | S20: =Q20*R20 -> 9000000 | T20: Phòng PVHK
B21: Thùng rác có nắp WC (90 cái) | D21: TC 4 Sao | F21: =18792000/1.08 -> 17400000 | I21: 46237 | J21: Nhung | K21: 5 cái 10L, 85 cái 15L (thùng rác nhựa) | N21: Điện thoại PANA để bàn | O21: cái | P21: 8 | Q21: 2000000 | R21: 4 | S21: =Q21*R21 -> 8000000 | T21: Phòng PVHK
B22: Thùng rác có nắp WC (đang mua mẫu 2 cái Nhựa) | D22: TC 4 Sao | F22: =350400/1.08 -> 324444.44 | I22: 46237 | J22: Nhung
B23: Thùng rác có nắp WC (đang mua mẫu 1 cái INOX) | D23: TC 4 Sao | F23: 780000 | I23: 46259 | J23: Nhung
B24: Xe đẩy trẻ em (6 cái) | D24: TC 4 Sao | F24: =1190000/1.08*6 -> 6611111.1 | I24: 46259 | J24: Nhung
B25: Máy đo PH và máy quang đo clo dư (có kiểm định) | F25: 31850000 | I25: 46245 | J25: Ánh | N25: Bộ máy tính (CPU)+bộ nguồn cấp điện liên tục Cyber Power BU600E | O25: Bộ | P25: 1 | Q25: 15000000 | R25: 1 | S25: =Q25*R25 -> 15000000 | T25: Phòng PVHK
B26: Thanh nối cứng xử lý khẩn cấp D60 3M (6 cái) | F26: 9000000 | I26: 46252 | J26: Thịnh | N26: Máy hút bụi sạc pin cho tàu bay Makita | O26: cái | Q26: 4000000 | R26: 1 | S26: =Q26*R26 -> 4000000 | T26: Đội VSBX
B27: Chèn bánh xe | F27: =41999040/1.08 -> 38888000 | I27: 46237 | J27: Tân
B28: Máy scan 2 mặt Brother (Tổ ĐT-XDCB) | F28: =9900000/1.08 -> 9166666.7 | I28: 46279 | J28: Kiệt | M28: Đã mua | N28: Máy nén cao áp | O28: Bộ | Q28: 10000000 | R28: 1 | S28: =Q28*R28 -> 10000000 | T28: Đội VHTTBMĐ
B29: Máy lạnh phòng sếp Quân | F29: 23550000 | I29: 46283 | J29: Tân | N29: PHÒNG ĐIỀU HÀNH SÂN BAY
B30: Chèn bánh máy bay (4 cái) | F30: 5000000 | I30: 46310 | J30: Tân
I34: 46283 | J34: Tân | N34: PHÒNG ĐIỀU HÀNH SÂN BAY
N35: Bộ đàm cầm tay Motorola XiR P3688 | O35: Cái | Q35: 7500000 | R35: 3 | S35: =Q35*R35 -> 22500000 | T35: Đội ĐP-KHB: 01, Đội KN-PCCC: 02
B36: DANH MỤC CCDC CAC PHÒNG ĐỀ XUẤT CUỐI NĂM
B37: PHÒNG KTHT | H37: Y/c Giải trình | I37: GIẢI TRÌNH CỦA PHÒNG | N37: Bình chữa cháy gốc nước Orion Vinafoam Vloại 6kg | O37: Bình | Q37: 1900000 | R37: 15 | S37: =Q37*R37 -> 28500000
B38: Máy Scan | E38: 9166666.7 | G38: Số hóa hồ sơ Phòng KTHT | H38: Số lượng hiện có của Phòng ? | J38: Sếp ok cho mua | K38: 14000000 | N38: Bình chữa cháy bột MT 35kg | O38: Bình | Q38: 3750000 | R38: 8 | S38: =Q38*R38 -> 30000000 | T38: Thay thế binh Theo CV 4786/TCTCHKVN-ATKSCL
B39: Máy in màu HP Smart Tank 750 All-in-One (6UU47A) | G39: In bản vẽ phục vụ công việc Phòng KTHT | H39: Giải trình rõ tần suất và nhu cầu bắt buộc in màu bản vẽ. | I39: Chưa giải trình | K39: 10400000 | N39: Bình chữa cháy Bột (loại 8kg) | O39: Bình | Q39: 700000 | R39: 50 | S39: =Q39*R39 -> 35000000 | T39: Thay thế binh Theo CV 4786/TCTCHKVN-ATKSCL
B40: Máy hàn cáp quang COMWAY A33 và phụ kiện | G40: Xử lý đường truyền cáp quang khi bị sự cố | H40: Lưu ý giới hạn 30 triệu: Thiết bị nguyên khối vượt 30 triệu, không được xếp vào CCDC. Yêu cầu làm hồ sơ mua sắm TSCĐ. Nêu rõ tần suất sự cố đứt cáp để chứng minh sự cần thiết phải trang bị. | I40: Chưa giải trình | K40: 47000000 | N40: Bình chữa cháy cầm tay VINA FOAM (loại 6kg) | O40: Bình | Q40: 1000000 | R40: 20 | S40: =Q40*R40 -> 20000000 | T40: Mua mới trang bị cho các khu vực tập kết sạc xe điện, xách tay ga đi QT, QN, kho hàng
B41: Máy đo cáp quang OTDR, Model: TB-700-SCA | E41: 15000000 | G41: Đo kiểm vị trí cáp quang suy giảm tín hiệu | H41: Giải trình rõ tần suất và nhu cầu bắt buộc | I41: Chưa giải trình | N41: Bình chũa cháy CO2 loại 5kg | O41: Bình | Q41: 800000 | R41: 10 | S41: =Q41*R41 -> 8000000 | T41: Thay thế các bình hết hạn, cũ
B42: Dốc xe nâng điện | E42: 14000000
B43: PHÒNG PVMĐ | H43: Y/c Giải trình | I43: GIẢI TRÌNH CỦA PHÒNG | N43: Trang bị thuyền phao cứu hộ đối với cứu hộ đầm lầy khu vực CHK | O43: Chiếc | Q43: 10000000 | R43: 1 | S43: =Q43*R43 -> 10000000 | T43: Chỉ đạo về việc thực hiện đồng bộ trang bị đồng phục PCCC
B44: Tủ 12 ngăn | E44: 3500000 | G44: Đáp ứng yêu cầu ISAGO | J44: Sếp ok cho mua | N44: Chi sửa chữa CCDC | S44: 80000000 | T44: Thay pin cho các CCDC, thay Adapter, sửa chữa khác CCDC….
B45: Chèn bánh máy bay (8 cái) | E45: Đã mua | G45: Yêu cầu phục vụ từ hãng Sun PQC | H45: mua thực tế 4 cái | J45: Sếp ok cho mua | K45: 10400000 | M45: II | N45: TRANG THIẾT BỊ VĂN PHÒNG: | S45: =SUM(S46:S47) -> 8000000
B46: Kệ để hành lý chuyển tiếp,đặc biệt (2 cái) | E46: 3600000 | G46: Đáp ứng yêu cầu ISAGO | J46: Sếp ok cho mua | N46: 01 Máy in laser màu Canon sử dụng VP | O46: Cái | Q46: 8000000 | R46: 1 | S46: 8000000
B47: Bảng mica (10 cái) | E47: 2000000 | G47: Đáp ứng yêu cầu ISAGO | J47: Sếp ok cho mua
B48: PHÒNG ĐHSB | H48: Y/c Giải trình | I48: GIẢI TRÌNH CỦA PHÒNG
B49: Bộ đàm (Hiện có 2, mua thêm 3) | E49: Đã chuyển từ PVMĐ sang | G49: Trang bị cho trực ban Cảng, Cán bộ Phòng | H49: Ai đang quản lý 02 bộ đàm hiện tại? Căn cứ vào định mức, quy định nào để đề xuất trang bị thêm 03 bộ cho trực ban và cán bộ? | I49: 1. Hiện phòng Điều hành sân bay có 02 bộ đàm được trang bị như sau: - 01 bộ đàm cho FCC - 01 bộ đàm cho đội ATKSCL trực AOC 2. Đề xuất thêm 03 bộ đàm với lý do sau: - 01 bộ đàm cho trực ban cảng do hiện nay trực ban cảng không có bộ đàm, ngồi trực ở AOC sử dụng chung bộ đàm cái với ANHK, khi có vụ việc hoặc đi kiểm tra trong ca trực sẽ không có bộ đàm mang theo người - 02 bộ đàm cho trực xe cứu hỏa tại nhà xe ngoại trường: hiện trực cứu hỏa nhà xe ngoại trường sử dụng chung bộ đàm với đội xe. Theo nghị định 347/2026/NĐ-CP thì chiến sỹ theo xe sẽ phân công làm nhiệm vụ kiêm nhiệm: +01 bộ đàm cho chiến sỹ làm nhiệm vụ kiêm nhiệm (ví dụ sau này sẽ phân công trực cổng số 02 thì phải có bộ đàm để nhận thông tin triệu tập hoặc liên lạc trong quá trình trực) + 01 bộ đàm cho nhân viên lái xe cứu hỏa trực theo xe (vì sau khi tuyển dụng đhsb sẽ có nhân viên lái xe cứu hỏa bên pvmđ ko tăng cường nữa mà bộ đàm của lái xe hiện nay là của phục vụ mặt đất) | K49: 26730000
B50: Bình chữa cháy gốc nước Orion 09 lít Vinafoam (chưa có, mua 12) | E50: 49380000 | G50: Các khu sạc xe điện, xách tay ga đi QN, QT, kho hàng | H50: Cung cấp căn cứ/quy định PCCC bắt buộc trang bị loại bình gốc nước tại khu vực sạc xe điện, kho hàng. | I50: Đề nghị bổ sung theo Quyết định số 1101/QĐ-CHKQTCT ngày 25/8/2026 Về việc ban hành phƣơng án bảo đảm an toàn phòng cháy, chữa cháy đối với khu vực sạc xe động cơ điện tại Nhà điều hành. Việc trang bị bình chữa cháy gốc nước ORION 09 lít được đề xuất trên cơ sở đánh giá nguy cơ cháy thực tế, trong đó đã từng xảy ra cháy pin dự phòng sử dụng pin Lithium-ion tại Cảng HKQT Tân Sơn Nhất và tháng 8/2026 cháy pin sạc dự phòng trên tàu bay Vietjet tại Cảng hàng không quốc tế Cần Thơ. Việc trang bị không phải là yêu cầu bắt buộc riêng đối với bình ORION 09 lít, mà là giải pháp tăng cường theo nguyên tắc quản lý rủi ro, nhằm nâng cao khả năng xử lý cháy ban đầu, hạn chế cháy lan và tăng mức độ an toàn trong khai thác. Khuyến nghị Cảng xem xét trang bị bổ sung, đồng thời không thay thế các phương tiện PCCC bắt buộc theo quy định và hồ sơ PCCC hiện hành.
B51: Bình chữa cháy bột MT35 (Hiện có 11. mua thêm 8) | E51: 32560000 | G51: Thay thế bình theo CV4786/TCTCHKVN-ATKSCL | H51: Đề nghị nộp kèm bản photo CV4786/TCTCHKVN-ATKSCL. Cung cấp Biên bản xác nhận bình cũ đã hết hạn (nếu hết hạn) | I51: Bổ sung số lượng để bảo đảm phương tiện chữa cháy xách tay theo yêu cầu trang bị của đơn vị và thực hiện thay thế các bình không còn bảo đảm tình trạng sử dụng theo kế hoạch/ý kiến kiểm tra.
B52: Bình chữa cháy bột 8kg (Hiện có 282, mua thêm 50) | E52: 38500000 | G52: Thay thế bình theo CV4786/TCTCHKVN-ATKSCL | H52: Đề nghị nộp kèm bản photo CV4786/TCTCHKVN-ATKSCL. Cung cấp Biên bản xác nhận bình cũ đã hết hạn (nếu hết hạn) | I52: Bổ sung số lượng để duy trì cơ số phương tiện PCCC, thay thế các bình xuống cấp hoặc không bảo đảm yêu cầu sử dụng; bảo đảm sẵn sàng chữa cháy ban đầu tại các khu vực được phân công.
B53: Bình chữa cháy CO2 MT5 (Hiện có 97, mua thêm 10) | E53: 8690000 | G53: Thay thế các bình hết hạn | H53: Cung cấp Biên bản xác nhận 10 bình hết hạn sử dụng. | I53: Kèm biên bản kiểm tra thực tế 10 bình CO2 MT5 có tình trạng hư hỏng, bong tróc lớp sơn/vỏ ngoài và cần được đánh giá, xử lý theo tình trạng thực tế. Không sử dụng sự cố pin Lithium làm căn cứ giải trình cho việc mua CO2; nhu cầu này là nhu cầu thay thế/bảo đảm tình trạng phương tiện PCCC hiện hữu.
B54: VĂN PHÒNG CẢNG | H54: Y/c Giải trình | I54: GIẢI TRÌNH CỦA PHÒNG
B55: Máy in trắng đen | E55: 3500000 | G55: Máy in cũ bị hư VP | H55: Cung cấp năm mua và biên bản kỹ thuật xác nhận máy in cũ hư hỏng, không thể sửa chữa. | I55: Chưa giải trình
B56: Máy in màu | G56: Phục vụ công việc hằng ngày VP | H56: Đặc thù công việc gì tại Văn phòng cần thiết phải có máy in màu? Tần suất sử dụng? | I56: Chưa giải trình | K56: 12000000
B57: Màn hình máy tính 27 inch | G57: Phục vụ công việc hằng ngày VP | H57: Công việc nào tại Văn phòng yêu cầu màn hình lớn 27 inch? Màn hình hiện tại bị hư hỏng gì? | I57: Chưa giải trình | K57: 15000000
B58: Ổ điện 3m 6 ổ cắm | E58: 1800000 | G58: Phục vụ lớp học, hội họp VP | H58: Số lượng ổ cắm hiện có tại phòng họp là bao nhiêu? Tại sao chưa đủ đáp ứng? | I58: Chưa giải trình
B59: Ru lô 20m 3 ổ cắm | E59: 2700000 | G59: Phục vụ lớp học, hội họp VP
B60: Ấm đun siêu tốc 1 lít 8 | E60: 1500000 | G60: Máy cũ bị hư mở nắp, đặt thêm để dự trừ họp hội VP | H60: Nắp ấm cũ có sửa được không? Đề nghị kiểm tra lại tồn kho hiện tại. | I60: Mua sắm để thay thế thiết bị hư hỏng (đáy nồi bị mục sét không thể sữa chữa) mã CCDC 08NOI170001, CCDC mua sắm 25/12/2017
B61: 03 Bộ máy vi tính tại 03 quầy ăn uống giải khát và bán hàng | G61: Mua sắm để thay thế thiết bị cũ KDDV | H61: 3 máy cũ mua năm nào? Bộ phận IT cần đánh giá xem có thể nâng cấp RAM/SSD thay vì mua mới (20tr/bộ) để dùng phần mềm bán hàng hay không? | I61: Bộ phận IT đã nhiều lần sữa chữa và hiện tại không sữa chữa được nữa do máy đã rất xuống cấp ( đầu tư từ 2019) - Thời gian xử lý của máy rất chậm khi thực hiện tính tiền cho khách, (có trường hợp treo máy gây ùn tắc trong quầy bán hàng hóa) - Mở app tra số dư tài khoản ngân hàng để kiểm tra khi khách chuyển khoản phải mất 1-4 phút máy mới thực hiện xong (làm mất thời gian và giảm sự hài lòng của khách hàng) | K61: 60000000
B62: Máy in có chức năng Scan | G62: Mua sắm để bổ sung sử dụng tại đội KDDV | H62: Đội KDDV cần scan tài liệu gì tại quầy? Tần suất scan mỗi ngày? Tại sao không gom hồ sơ về dùng chung máy scan tại Văn phòng Cảng? | I62: Đội KDDV cần scan tài liệu gì tại quầy? Tần suất scan mỗi ngày? Tại sao không gom hồ sơ về dùng chung máy scan tại Văn phòng Cảng? | K62: 10000000
B64: Danh mục | C64: Mã khoản mục chi phí | D64: ĐƯỢC DUYỆT | E64: ĐỀ XUẤT CUỐI NĂM | F64: SỐ TIỀN THỰC HIỆN | G64: CÒN LẠI
B65: Chi phí CCDC Bán hàng | C65: 6413 | D65: 147000000 | E65: =SUM(E67:E69) -> 43400000 | F65: 21000000 | G65: =D65-E65-F65 -> 82600000
B66: VĂN PHÒNG CẢNG | H66: Y/c Giải trình | I66: GIẢI TRÌNH CỦA PHÒNG
B67: Bộ quầy kệ cho quầy bán hàng | E67: 36000000 | G67: Mua sắm để bổ sung KDDV | I67: Mua sắm để bổ sung khu vực bán hàng hóa
B68: Nồi nấu súp siêu tốc | E68: 5000000 | G68: Mua sắm để thay thế thiết bị hư hỏng KDDV | H68: Thiết bị cũ mua năm nào? Cung cấp Biên bản đánh giá hư hỏng không thể sửa chữa. | I68: Mua sắm để thay thế thiết bị hư hỏng (đáy nồi bị mục sét không thể sữa chữa) mã CCDC 08NOI170001, CCDC mua sắm 25/12/2017
B69: Chén nước chấm | E69: 2400000 | G69: Mua sắm để thay thế ccdc bị bể vỡ KDDV | H69: Số lượng chén hiện tại còn bao nhiêu? Cung cấp Biên bản kiểm kê/báo cáo số lượng bị bể vỡ cần bổ sung. | I69: Mua sắm để thay thế ccdc bị bể vỡ cho mã CCDC 08CHE190001 ( 200 chén 9cm mua từ 28/11/2019)
N73: Chi sửa chữa CCDC | S73: 30000000 | T73: Dự trù sửa chữa máy in, máy photo
M74: III | N74: TRANG THIẾT BỊ NHÀ GA: | S74: =S75 -> 404000000
N75: Khay đựng hành lý | O75: cái | Q75: 2020000 | R75: 200 | S75: =Q75*R75 -> 404000000
N76: Chi sửa chữa CCDC | S76: 200000000 | T76: Thuộc hạng mục nâng điểm theo chỉ tiêu đánh giá hướng đến Cảng hàng không 4 sao.
A77: 1 | B77: Trụ sạc điện thoại (5 cái) | D77: =F77/5 -> 0 | E77: 44000000 | I77: 45694 | J77: Văn Đức/Tân | M77: IV | N77: BÀN GHẾ, TỦ, QUẦY, VẬT DỤNG: | S77: =SUM(S78:S80) -> 18500000
A78: 2 | B78: Màn hình máy tính tổ vệ sinh | E78: 2130000 | I78: 45742 | J78: Tân | N78: Tủ hồ sơ gỗ loại đứng | O78: Cái | P78: 2 | Q78: 5500000 | R78: 1 | S78: =Q78*R78 -> 5500000 | T78: Đội VSBX
A79: 3 | B79: Khung ray của thiết bị đèn trang thiết bị | E79: 8780000 | I79: 45747 | J79: Tân | N79: Tủ cá nhân | O79: Cái | Q79: 3500000 | R79: 2 | S79: =Q79*R79 -> 7000000 | T79: Trang bị tủ cá nhân cho Đội KN-PCCC
A80: 4 | B80: CPU Đội CBTT&HDCX | E80: 8715000 | I80: 45751 | J80: Tân | N80: Tủ đựng hồ sơ | O80: Cái | Q80: 6000000 | R80: 1 | S80: 6000000 | T80: Tổ Nhân sự
A81: 5 | B81: Quả cân chuẩn để phục vụ công việc kiểm tra cân hàng ngày | E81: =3410000/1.1 -> 3100000 | I81: 45751 | J81: Khôi Nguyên | N81: Chi sửa chữa CCDC
A82: 6 | B82: CCDC Khẩn nguy | E82: 19885700 | I82: 45751 | J82: Nguyên | N82: TỔNG CỘNG MUA SẮM CCDC | S82: =S77+S45+S74+S8 -> 1286000000
A83: 7 | B83: Nệm, chăn, drap, gối Phòng PGD | E83: 10831140 | I83: 45796 | J83: Nhã Phương | N83: TỔNG CỘNG CHI PHÍ SỬA CHỮA CDDC | S83: =S44+S73+S76+S81 -> 310000000
A84: 8 | B84: Máy lạnh, máy nước nóng trực tiếp | E84: 16780000 | I84: 45799 | J84: Công Đức
A85: 9 | B85: Máy in cho phó giám đốc | E85: 6950000 | I85: 45804 | J85: Tố Trân
A86: 10 | B86: Thẻ từ in màu (300 cái) | E86: 3000000 | I86: 45821 | J86: Thu Lan
A87: 11 | B87: Camera xe cứu thương | E87: 14545454 | I87: 45828 | J87: Trung
A88: 12 | B88: 30 Thùng hồ sơ tài liệu | E88: 14400000 | I88: 45845 | J88: Tân
A89: 13 | B89: Lắp đặt Camera giám sát và bảng led hiển thị trên phương tiện PVMD | E89: 469650000 | I89: 45845 | J89: Tân | M89: =31.4*1.08/2 -> 16.956
A90: 14 | B90: Thay mới máy xịt rửa tăng áp | E90: 2232000 | I90: 45924 | J90: Tân
A91: 15 | B91: Máy scan phòng TCKH 2 máy | D91: Danh mục đề xuất | E91: =16450000*2 -> 32900000 | I91: 45931 | J91: Tân
A92: 16 | B92: Tủ Kim Anh (2 cái) | E92: 5600000 | I92: 45959 | J92: Kim Anh
A93: 17 | B93: Tivi Hội trường | E93: 29000000 | I93: 45964 | J93: Tân
A94: 18 | B94: Máy đo điện trở tiếp đất | E94: 6600000 | I94: 45964 | J94: Công Đức
A95: 19 | B95: 2 micro hội trường (kèm bộ thu phát) | E95: 3790000 | I95: 45964 | J95: Khôi Nguyên
A96: 20 | B96: Giường bố nằm nghỉ | D96: Danh mục đề xuất | E96: 7200000 | I96: 45967 | J96: Tân Hoa
A97: 21 | B97: Quạt đứng senko | D97: Danh mục đề xuất | E97: 1920000 | I97: 45967 | J97: Tân Hoa
A98: 22 | B98: Xe lăn | D98: Danh mục đề xuất | E98: =3*5600000 -> 16800000 | I98: 45967 | J98: Tân Hoa
A99: 23 | B99: Pallet nhựa | D99: Danh mục đề xuất | E99: =25200000/1.08 -> 23333333 | I99: 45967 | J99: Tân Hoa
A100: 24 | B100: 03 máy lạnh | E100: 59500000 | I100: 45968 | J100: Tân
A101: 25 | B101: Máy scan phòng điều hành | D101: Danh mục đề xuất | E101: =17590000 -> 17590000 | I101: 45971 | J101: Tân
A102: 26 | B102: Ampe kềm đo dòng rò Fluke 369 | D102: Danh mục đề xuất | E102: 24063000 | I102: 45971 | J102: Công Đức
A103: 27 | B103: Bộ kích thủy lực 20 tấn hành trình 12mm FPY-201 và bơm tay CP-180 | D103: Danh mục đề xuất | E103: 2095000 | I103: 45971 | J103: Công Đức
A104: 28 | B104: Máy scan tài liệu phòng tải | E104: 8690000 | I104: 45971 | J104: Tuyết Hồng
A105: 29 | B105: Bàn hội trường (24 cái, 1,2tr/cái) | E105: =24*1200000 -> 28800000 | I105: 45971 | J105: Tân
A106: 30 | B106: Tủ phòng PGĐ | E106: 7450000 | I106: 45971 | J106: Tân
A107: 31 | B107: Cảm biến các xe nâng (6 xe) | E107: =6*(19500000+5000000) -> 147000000 | I107: 45971 | J107: Hà
A108: 32 | B108: Máy bàn cắt kim loại MAKITA | D108: Danh mục đề xuất | E108: =6700000/1.08 -> 6203703.7 | I108: 45982 | J108: Ấn
...

Sheet 627312
A2: STT | B2: Danh mục | C2: Mã khoản mục chi phí | D2: ĐƯỢC DUYỆT | E2: THỰC HIỆN NĂM TRƯỚC | F2: SỐ TIỀN ĐÃ/ ĐANG THỰC HIỆN | G2: CÒN LẠI/ TIẾN ĐỘ | H2: NGÀY | I2: NGƯỜI THỰC HIỆN | J2: MỤC LỤC
B3: Trang thiết bị văn phòng | C3: 627312 | D3: =VLOOKUP(C3,'TỔNG HỢP'!$C$4:$P$84,3,0) -> 73000000 | F3: =SUM(F4:F889) -> 0 | G3: =D3-F3 -> 73000000
B18: Máy scan HP Scanjet pro 3600 F1 | E18: 13990000 | H18: 45735 | I18: Văn Đức
B19: Màn hình máy tính Tổ vệ sinh | E19: 2290000 | H19: 45737 | I19: Phúc
B20: CPU NUC 11 pro thay thế máy đội CBTT&HDCX | E20: 8390000 | G20: Chưa BCMS | H20: 45737 | I20: Phúc
A21: 1 | B21: Máy in hóa đơn BIXOLON SRP-302 Trạm Thu Phí | E21: 5000000 | H21: 45737 | I21: Phúc
A22: 2 | B22: 2 Bảng từ trắng di động 1 mặt phục vụ huấn luyện | E22: =5292000/1.08 -> 4900000 | H22: 45737 | I22: Hải

Sheet 627313
A2: STT | B2: Danh mục | C2: Mã khoản mục chi phí | D2: ĐƯỢC DUYỆT | E2: BỔ SUNG | F2: SỐ TIỀN ĐÃ/ ĐANG THỰC HIỆN | G2: CÒN LẠI/ TIẾN ĐỘ | H2: QUY MÔ | I2: NGƯỜI THỰC HIỆN | J2: MỤC LỤC
B3: =VLOOKUP(C3,'TỔNG HỢP'!$C$4:$P$84,14,0) -> 0 | C3: 627313 | D3: =VLOOKUP(C3,'TỔNG HỢP'!$C$4:$P$84,3,0) -> 100000000 | F3: =SUM(F4:F889) -> 0
A21: 1
A22: 2

Sheet 627314
A2: STT | B2: Danh mục | C2: Mã khoản mục chi phí | D2: ĐƯỢC DUYỆT | E2: BỔ SUNG | F2: THỰC HIỆN | G2: CÒN LẠI/ TIẾN ĐỘ | H2: NGÀY | I2: NGƯỜI THỰC HIỆN | J2: MỤC LỤC
B3: Bàn ghế, tủ, quầy ,vật dụng khác | C3: 627314 | D3: =VLOOKUP(C3,'TỔNG HỢP'!$C$4:$P$84,3,0) -> 80000000 | F3: =SUM(F4:F885) -> 0 | G3: =D3-F3 -> 80000000
B13: Bàn lãnh đạo, tủ hồ sơ | E13: =4050000+3600000 -> 7650000 | H13: 45805 | I13: TrÂN
B14: Bàn phòng họp IMS (2 bàn ghép) | E14: 10369224 | H14: 45825 | I14: Kiệt
B15: Ghế phó giám đốc Bảy | E15: 3100000 | H15: 45834 | I15: TrÂN
A17: 1
A18: 2 | B18: Bàn họp phòng Phó giám đốc | E18: =7668000/1.08 -> 7100000
B19: Ghế cho quầy thủ tục | E19: 2808000 | H19: 45499 | I19: Tân

Sheet 627321
A2: STT | B2: Danh mục | C2: Mã khoản mục chi phí | D2: ĐƯỢC DUYỆT | E2: BỔ SUNG | F2: THỰC HIỆN | G2: CÒN LẠI/ TIẾN ĐỘ | H2: NGÀY | I2: NGƯỜI THỰC HIỆN | J2: MỤC LỤC
B3: Chi phí sửa chữa công cụ dụng cụ | C3: 627321 | D3: =VLOOKUP(C3,'TỔNG HỢP'!$C$4:$P$84,3,0) -> 196000000 | F3: =SUM(F4:F895) -> 157407.41 | G3: =D3-F3 -> 1.9584259e+08
B4: Mũi đục bê tông khu bay (1 cái) | F4: =170000/1.08 -> 157407.41 | H4: 46178 | I4: Ngân
B16: Sửa chữa máy xịt thuốc cỏ | E16: 1450000 | H16: 45712 | I16: Khoa
B17: Pin cho máy thổi 18V/6ah | E17: =2650000/1.1 -> 2409090.9 | H17: 45723
B18: Sửa chữa nguồn máy tính HP350W | E18: 450000 | H18: 45737 | I18: Phúc/Tân
B19: S/c CPU đội CBTT&HDCX
B20: Thay thế đầu máy hút bụi | E20: =520000/1.08 -> 481481.48 | H20: 45782 | I20: Thông/Tân
B21: Sửa chữa thay thế bơm nước ngưng cho máy lạnh phòng CACK | E21: 1300000 | H21: 45915 | I21: Tân
B22: Thay da ghế thay giày | E22: 1350000 | H22: 45950
B23: Drumn Brother | E23: 1800000 | H23: 45968 | I23: Duyên
B24: sửa chữa xe nâng tay kho hàng | E24: 2500000 | H24: 45978 | I24: Tân
B25: Sửa chữa máy tính | E25: 37145000 | H25: 45978 | I25: Tân
B26: Thay thế pin cho máy thổi Makita | E26: =5300000/1.08 -> 4907407.4 | H26: 45995 | I26: Tân
A27: 1 | B27: 2 Bơm thải nước điều hoà phòng CACK | E27: 2400000 | H27: 45345
A28: 2 | B28: Thay mâm lưỡi cắt cho máy cắt cỏ đẩy tay Honda HJR 216 | E28: 750000 | H28: 45428 | I28: Thanh Tân
A29: 3 | B29: Thay dây cao cáp cho máy xịt thuốc cỏ, máy rửa xe | E29: =22250000/1.08 -> 20601852 | H29: 45432 | I29: Thanh Tân
A30: 4 | B30: Sửa chữa máy thổi | E30: 366000 | H30: 45450 | I30: Nhung
A31: 5 | B31: Lưỡi cưa xích 18 inch | E31: 2750000 | H31: 45460 | I31: Thanh Tân
B32: Pin makita cho máy thổi | E32: =7650000/1.1 -> 6954545.5 | H32: 45489 | I32: Hải
B33: Thay bảng hướng dẫn lối đi | E33: 480000 | H33: 45474 | I33: Hải
B34: Mua sơn phản quang | E34: 800000 | H34: 45495 | I34: A Hoa
B35: Sửa chữa máy cắt kin loại Plasma và máy rửa áp lực ASADA | E35: 3100000 | H35: 45575 | I35: Công Đức

Sheet 627322
A2: STT | B2: Danh mục | C2: Mã khoản mục chi phí | D2: ĐƯỢC DUYỆT | E2: BỔ SUNG | F2: SỐ TIỀN ĐÃ/ ĐANG THỰC HIỆN | G2: CÒN LẠI/ TIẾN ĐỘ | H2: Ngày | I2: NGƯỜI THỰC HIỆN | J2: MỤC LỤC
B3: Chi phí sửa chữa công cụ dụng cụ (khối gián tiếp) | C3: 627322 | D3: =VLOOKUP(C3,'TỔNG HỢP'!$C$4:$P$84,3,0) -> 30000000 | F3: =SUM(F4:F896) -> 19887407 | G3: =D3-F3 -> 10112593
B4: Vật tư S/c máy lạnh cục bộ phòng Giám đốc | F4: =4550000/1.08 -> 4212963 | H4: 46057 | I4: Tân
B5: S/c Drum, đào kéo giấy, gạt mực | F5: =450000+220000+150000+90000 -> 910000 | H5: 46119 | I5: Duyên
B6: S/c máy hút bụi dùng pin (1 ống nối 2 pin) | F6: =5880000/1.08 -> 5444444.4 | H6: 46177 | I6: Nhung
B7: S/c máy photo văn phòng (Drum, gạt) | F7: 1950000 | H7: 46230 | I7: Trân
B8: S/c Drum, đào kéo giấy, gạt mực | F8: 7370000 | H8: 46269 | I8: Trân
B20: S/c máy in văn phòng quý 1 | E20: 1900000 | H20: 45741 | I20: Trân
B21: Pin AA sạc cho remote, thiết bị âm thanh | E21: 1520000 | H21: 45812 | I21: Công Đức
B22: Pin AA và pin AAA cho remote, thiết bị âm thanh | E22: 1330000 | H22: 45812 | I22: Tân
B23: Sửa chữa máy photo AOC | E23: 4650000 | H23: 45819 | I23: Trân
B24: Drum máy in | E24: 440000 | H24: 45859 | I24: Trân
B25: S/c máy in văn phòng T8/2025 | E25: 6290000 | H25: 45903 | I25: Trân
B26: S/c máy photo văn phòng | E26: 5950000 | H26: 45918 | I26: Trân
B27: S/c Drum Canon, sạc mực | E27: 550000 | H27: 45933 | I27: Trân
A28: 1 | B28: Sửa máy đếm tiền | E28: 540000
A29: 2 | B29: Thay thế vật tư cho máy scan canon DR F120 | E29: 1995000 | H29: 45573 | I29: Công Đức
B30: Bảo trì máy photo | E30: 960000 | G30: 45652 | H30: Trân

Sheet 62762101
A2: STT | B2: Danh mục | C2: Mã khoản mục chi phí | D2: ĐƯỢC DUYỆT | E2: BỔ SUNG | F2: THỰC HIỆN | G2: CÒN LẠI/ TIẾN ĐỘ | H2: NGÀY | I2: NGƯỜI THỰC HIỆN | J2: MỤC LỤC
B3: Sửa chữa nhà ga quốc nội | C3: 62762101 | D3: =VLOOKUP(C3,'TỔNG HỢP'!$C$4:$P$84,3,0) -> 260000000 | F3: =SUM(F4:F901) -> 140821619 | G3: =D3-F3 -> 119178381
B4: Sơn tường Nhà ga - VAECO | F4: 5494751 | H4: 46042 | I4: Kiệt
B5: Bản lề cửa phòng VIP | F5: 4650000 | H5: 46080 | I5: Ấn
B6: Nẹp che khe lún WC | F6: 2176800 | H6: 46100 | I6: Kiệt
B7: Sửa chữa ron gạch WC QN | F7: 45208800 | H7: 46129 | I7: Kiệt
B8: Sửa chữa gạch vỡ, dộp | F8: 42514548 | H8: 46132 | I8: Kiệt
B9: Foam trám khe | F9: 950000 | H9: 46169 | I9: Ấn
B10: Mở lối đi lan can Gate 8 | F10: 6260000 | H10: 46237 | I10: Kiệt
B11: Sửa khóa gate 8 | F11: 800000 | H11: 46282 | I11: Kiệt
B12: Mua gạch Granite (101,76m2) | F12: 32766720 | H12: 46315 | I12: Kiệt
A21: 1 | B21: Thay thế Vách kính tại trục 4J hành lang ga đi quốc tế | E21: 8754955 | H21: 45734 | I21: Kiệt
A22: 2 | B22: Sửa chữa 40m2 gạch | E22: 23091123 | H22: 45828 | I22: Tùng
A23: 3 | B23: Thuê cẩu và gia cố trần nhôm | E23: 5407624 | H23: 45828 | I23: Tùng
A24: 4 | B24: Ron chặn kính, lan can thang máy | E24: 14645000 | H24: 45841 | I24: Kiệt
A25: 5 | B25: Decal lấy sáng xanh | E25: 3579840 | H25: 45926 | I25: Kiệt
A26: 6 | B26: Thay thế các kính WC | E26: 81144000 | H26: 45986 | I26: Hà
A27: 7 | B27: Sơn tường tại Nhà ga hành khách | E27: =46745892/1.08 -> 43283233 | I27: Tùng
A28: 8 | B28: Trần thay thế 300m2 | D28: 300 | E28: 84440398 | H28: 45982 | I28: Tùng
A29: 9 | B29: Dự kiến mua Vật tư Thảm khu vực ANHK | D29: 110 | E29: 85860000 | H29: 46008 | I29: Ấn
A33: 1 | B33: Cửa lùa chống mất áp cầu thang | E33: 6850000 | H33: 45416 | I33: Kiệt
A34: 2 | B34: Vật tư chèn bị chỗ tiếp giáp giữa các đường ống cứu hỏa, máng cáp điện, ống lạnh thông qua các trục điện phòng AHU phòng UPS phòng COM | E34: 25152000 | H34: 45587 | I34: Tân
A35: 3 | B35: Sửa chữa lát gạch và các hạng mục vật kiến trúc khác | E35: 206000000 | H35: 45611 | I35: Kiệt
A36: 4 | B36: Dán Decal chống nóng mái kính nhà ga hành khách | E36: 40000000 | H36: 45606 | I36: Kiệt

Sheet 62762103
A2: STT | B2: Danh mục | C2: Mã khoản mục chi phí | D2: ĐƯỢC DUYỆT | E2: BỔ SUNG | F2: THỰC HIỆN | G2: CÒN LẠI/ TIẾN ĐỘ | H2: NGÀY | I2: NGƯỜI THỰC HIỆN | J2: MỤC LỤC
B3: =VLOOKUP(C3,'TỔNG HỢP'!$C$4:$P$84,14,0) -> Sửa chữa bến bãi ô tô, sân đường | C3: 62762103 | D3: =VLOOKUP(C3,'TỔNG HỢP'!$C$4:$P$84,3,0) -> 110000000 | F3: =SUM(F4:F889) -> 62382513 | G3: =D3-F3 -> 47617487
B4: SC bến bãi ô tô sân đường 2026 | F4: 56481481 | H4: 46150 | I4: Dũng
B5: Sửa chữa nắp đan (bù lún carboncor) | F5: =1234715/1.08 -> 1143254.6 | H5: 46161 | I5: Kiệt
B6: Trụ phân làn và vật tư bulong | F6: =5138400/1.08 -> 4757777.8 | H6: 46175 | I6: Ấn
B20: Sơn bảo dưỡng 1 phần sơn tín hiệu sân đậu ô tô khách | E20: 478000000 | H20: 45758 | I20: Khôi
A21: 1 | B21: Sửa chữa nội dung biển báo giao thông | E21: 972000 | H21: 45418 | I21: Kiệt
A22: 2 | B22: Sửa chữa lắp đặt biển báo giao thông nội bộ và sơn ô cảnh báo tủ PCCC nhà xe máy | E22: 6800000 | H22: 45491 | I22: Kiệt
B23: Biển báo giao thông nội bộ | E23: 7480000 | H23: 45510 | I23: Kiệt
E24: 59000000

Sheet 62762104
A2: STT | B2: Danh mục | C2: Mã khoản mục chi phí | D2: ĐƯỢC DUYỆT | E2: BỔ SUNG | F2: THỰC HIỆN | G2: CÒN LẠI/ TIẾN ĐỘ | H2: QUY MÔ | I2: NGƯỜI THỰC HIỆN | J2: MỤC LỤC
B3: Chi phí sửa chữa mương thoát nước | C3: 62762104 | D3: =VLOOKUP(C3,'TỔNG HỢP'!$C$4:$P$84,3,0) -> 69000000 | F3: =SUM(F4:F889) -> 11090741 | G3: =D3-F3 -> 57909259
B4: Ống thoát nước Trạm thu phí | D4: =3500000/1.08 -> 3240740.7 | F4: =3500000/1.08 -> 3240740.7 | H4: 46119 | I4: Dũng
B5: Tấm đan nhà xe ngoại trường | F5: 7850000 | H5: 46275 | I5: Kiệt
B20: Sửa chữa nắp cống | E20: 98000000
A21: 1 | B21: Sửa chữa nắp đan | E21: 49880000 | H21: 45391 | I21: Kiệt
A22: 2

Sheet 62762105
A2: STT | B2: Danh mục | C2: Mã khoản mục chi phí | D2: ĐƯỢC DUYỆT | E2: BỔ SUNG | F2: SỐ TIỀN ĐÃ/ ĐANG THỰC HIỆN | G2: CÒN LẠI/ TIẾN ĐỘ | H2: QUY MÔ | I2: NGƯỜI THỰC HIỆN | J2: MỤC LỤC
B3: Chi phí cắt cỏ, nạo vét mương thoát nước | C3: 62762105 | D3: =VLOOKUP(C3,'TỔNG HỢP'!$C$4:$P$84,3,0) -> 30000000 | F3: =SUM(F4:F889) -> 0 | G3: =D3-F3 -> 30000000
A21: 1 | E21: 38000000
A22: 2

Sheet 62762106
A2: STT | B2: Danh mục | C2: Mã khoản mục chi phí | D2: ĐƯỢC DUYỆT | E2: BỔ SUNG | F2: SỐ TIỀN ĐÃ/ ĐANG THỰC HIỆN | G2: CÒN LẠI/ TIẾN ĐỘ | H2: NGÀY | I2: NGƯỜI THỰC HIỆN | J2: MỤC LỤC
B3: Sửa chữa sân đậu | C3: 62762106 | D3: =VLOOKUP(C3,'TỔNG HỢP'!$C$4:$P$84,3,0) -> 420000000 | F3: =SUM(F4:F889) -> 0 | G3: =D3-F3 -> 420000000
B17: Vật tư bảo dưỡng các hố neo sân đỗ tàu bay | E17: 4575000 | H17: 45789
B18: Bù vênh đường công vụ | E18: 9354600 | H18: 45847 | I18: Kiệt
B19: Sơn bảo dưỡng | E19: 474647126
A21: 1
A22: 2 | B22: Vật tư bảo dưỡng các hố neo tàu | E22: =3300000/1.08 -> 3055555.6 | H22: 45454 | I22: Tân

Sheet 62762107
A2: STT | B2: Danh mục | C2: Mã khoản mục chi phí | D2: ĐƯỢC DUYỆT | E2: BỔ SUNG | F2: SỐ TIỀN ĐÃ/ ĐANG THỰC HIỆN | G2: CÒN LẠI/ TIẾN ĐỘ | H2: QUY MÔ | I2: NGƯỜI THỰC HIỆN | J2: MỤC LỤC
B3: =VLOOKUP(C3,'TỔNG HỢP'!$C$4:$P$84,14,0) -> Sửa chữa hàng rào | C3: 62762107 | D3: =VLOOKUP(C3,'TỔNG HỢP'!$C$4:$P$84,3,0) -> 60000000 | F3: =SUM(F4:F889) -> 54788503 | G3: =D3-F3 -> 5211497.2
B4: Sửa chữa hàng rào Airside Landside | F4: =59171583/1.08 -> 54788503 | H4: 46132 | I4: Tùng
A21: 1
A22: 2 | B22: Bảo dưỡng hàng rào tường (Đoạn 1 từ Nhà ga hành khách đến cổng rào cổng 1; Đoạn 2 từ Nhà xe ngoại trường đến hàng rào lưới B40) và Bảo dưỡng cổng rào cổng 1” | E22: 77002619 | I22: Kiệt

Sheet 62762188
A2: STT | B2: Danh mục | C2: Mã khoản mục chi phí | D2: ĐƯỢC DUYỆT | E2: BỔ SUNG | F2: SỐ TIỀN ĐÃ/ ĐANG THỰC HIỆN | G2: CÒN LẠI/ TIẾN ĐỘ | H2: NGÀY | I2: NGƯỜI THỰC HIỆN | J2: MỤC LỤC
B3: Sửa chữa nhà cửa, vật kiến trúc khác | C3: 62762188 | D3: =VLOOKUP(C3,'TỔNG HỢP'!$C$4:$P$84,3,0) -> 90000000 | F3: =SUM(F4:F889) -> 69293904 | G3: =D3-F3 -> 20706096
F4: 4650000
B5: Bảo dưỡng, sửa chữa chống thấm hố van bể chứa nhiên liệu tại Nhà xe ngoại trường | H5: 46258 | I5: Kiệt | J5: 38800000
B6: S/c vỉa hè nhà xe ngoại trường | F6: 11043904 | H6: 46268 | I6: Dũng
B7: Lắp đặt cầu nâng điện phía trước kho hàng | F7: 14000000 | H7: 46303 | I7: Văn Đức
B8: Bảo dưỡng, sửa chữa chống thấm hố van bể chứa nhiên liệu tại Nhà xe ngoại trường | F8: 39600000 | H8: 46315 | I8: Kiệt
B16: Lắp đặt, thay thế cửa kéo Đài Loan tại khu vực xử lý hàng hóa | E16: 8827020 | H16: 45706 | I16: Kiệt
B17: Thay thế ván bị mục | E17: 27000000
B18: Sửa chữa mái đón | E18: 50000000
A21: 1 | B21: Bảo dưỡng khu vực Nhà xe ngoại trường | E21: 205000000
A22: 2

Sheet 62762189
A2: STT | B2: Danh mục | C2: Mã khoản mục chi phí | D2: ĐƯỢC DUYỆT | E2: BỔ SUNG | F2: THỰC HIỆN | G2: CÒN LẠI/ TIẾN ĐỘ | H2: Ngày | I2: NGƯỜI THỰC HIỆN | J2: MỤC LỤC
B3: Sửa chữa nhà cửa, vật kiến trúc khác (khối gián tiếp) | C3: 62762189 | D3: =VLOOKUP(C3,'TỔNG HỢP'!$C$4:$P$84,3,0) -> 110000000 | F3: =SUM(F4:F889) -> 19774400 | G3: =D3-F3 -> 90225600
B4: Bảng tên phòng họp phòng điều hành sân bay | F4: 490000 | H4: 46126 | I4: Nhung
B5: Các cửa nhôm | F5: 19284400 | H5: 46276 | I5: Kiệt
B16: Sửa chữa cáp chằng néo kết cấu mái tôn khu vực kho hàng hóa | E16: 5150000 | H16: 45786 | I16: Tân
B17: Thay thảm, thay kính, ổ khóa phòng trực | E17: 35560560 | H17: 45804
B18: Dời cửa, dán decal | H18: 45810 | I18: Kiệt
A21: 1 | B21: Bảng tên văn phòng, 6 cái | E21: 2970000 | H21: 45416 | I21: Minh
B22: Vách ngăn chống ẩm phòng Giám đốc | E22: 8640000 | H22: 45637 | I22: Trân

Sheet 62762201
A1: 0
A2: STT | B2: Danh mục | C2: Mã khoản mục chi phí | D2: ĐƯỢC DUYỆT | E2: BỔ SUNG | F2: THỰC HIỆN | G2: CÒN LẠI/ TIẾN ĐỘ | H2: Ngày thực hiện | I2: NGƯỜI THỰC HIỆN | J2: MỤC LỤC | K2: STT | L2: NỘI DUNG | M2: ĐVT | N2: SL | O2: ĐƠN GIÁ | P2: THÀNH TIỀN | Q2: GHI CHÚ
B3: Sửa chữa hệ thống băng chuyền | C3: 62762201 | D3: =VLOOKUP(C3,'TỔNG HỢP'!$C$4:$P$84,3,0) -> 920000000 | F3: =SUM(F4:F903) -> 293060000 | G3: =D3-F3 -> 626940000 | K3: 1 | L3: Băng tải các loại | M3: Mét | N3: 164 | O3: 1500000 | P3: 246000000 | Q3: đoạn tapi A1, A9, A12, A15, B1, B2, B9, B12, B13, B15
B4: Thay thế bánh xe chịu lực dưới băng chuyền trả hành lý QN 4 | F4: 4400000 | H4: 46150 | I4: Tân
B5: Thay thế động có Interroll quầy cân 13 | F5: 56000000 | H5: 46207 | I5: Tân
B6: Thay thế bánh xe chịu lực dưới băng chuyền trả hành lý QN 4 (35 bộ) | F6: 7700000 | H6: 46233 | I6: Tân
B7: Thay thế Băng tải B1, B16 băng chuyền ga đi QN | F7: 161460000 | H7: 46258 | I7: Tân
B8: Biến tần băng chuyền B2 | F8: 63500000 | H8: 46315 | I8: Tân
B19: Sửa chữa các màn hình điều khiển biến tần và biến tần hệ thống băng chuyền đi | E19: 114500000 | G19: 114500000 | H19: 45698 | I19: Lộc/Tân
B20: Bạc đạn rulo băng chuyền B12 Quốc nội | E20: 1300000 | G20: 1300000 | H20: 45695 | I20: Khoa/Tân
B21: Gối đỡ SKF | E21: 1850000
B22: Vật tư sửa chữa thay thế cảm biến từ băng chuyền trả hành lý đến số 02 và 2 cảm biến quang băng chuyền B11, 12 | E22: 11700000 | H22: 45761 | I22: Tân
B23: Động cơ Interroll quầy cân số 14 | E23: 54500000 | G23: 54500000 | H23: 45813 | I23: Lộc/Tân
B24: Bánh xe và trục vòng bi chon Băng chuyền Oval Quốc nội | E24: 118430000 | H24: 45797 | I24: Tân
B25: VẬt tư sửa chữa thay thế mối nối băng chuyền | E25: 3540000 | H25: 45842 | I25: Tân
B26: Vật tư sc hệ thống băng chuyền | E26: =6885000/1.08 -> 6375000
B27: Băng tải đoạn B9, B8 | E27: 87800000 | H27: 45909
B28: Cảm biến băng chuyền hành lý số 1 | E28: 4314000 | H28: 45909 | I28: Tân
B29: Thay thế màn hình điều khiển hệ thống băng chuyền QT QN | G29: Chưa BCMS | H29: 45950 | I29: Lộc/Tân
B30: Cụm gối bạc đạn đỡ trục đoạn băng chuyền B4, B5 | E30: =2458728/1.08 -> 2276600 | H30: 45950 | I30: Tân
B31: Cảm biến băng chuyến trả hành lý đến số 3 | E31: 3600000 | H31: 45994 | I31: Lộc
A35: 1 | B35: Cảm biến quang cho hệ thống băng chuyền đi quốc tế và quầy cân 21 | E35: 8100000 | K35: 2 | L35: Thay khí cụ điện | M35: Lô | N35: 1 | O35: 64922000 | P35: 64922000 | Q35: Thay thế các bộ contactor bị rỗ mặt tiếp điểm động lực cần thay thế theo lộ trình mỗi năm một ít
A36: 2 | B36: Vật tư bánh răng truyền động băng chuyền ovan ga đi quốc tế, quốc nội | E36: 9600000 | K36: 3 | L36: Đĩa chà nhám xếp lớp | M36: Cái | N36: 30 | O36: 15000 | P36: 450000
A37: 3 | B37: 4 LoadCell cho quầy cân thủ tục số 07 băng chuyền ga đi quốc tế | E37: 8000000 | K37: 4 | L37: Con lăn, cọ | M37: Cái | N37: 30 | O37: 10000 | P37: 300000
A38: 4 | B38: Bạc đạn bánh xe dẫn hướng (260 cái) | E38: =55000*260 -> 14300000 | K38: 5 | L38: RP77 | M38: Chai | N38: 12 | O38: 78000 | P38: 936000
A39: 5 | B39: Thay tapi đoạn A7 hệ thống băng chuyền quốc tế, tapi đoạn B7 hệ thống băng chuyền ga đi quốc nội | E39: 24968000 | H39: 45376 | I39: Thanh Tân | J39: CTY TNHH S.T.D&S | K39: 6 | L39: Sơn Expoxy các loại | M39: Kg | N39: 30 | O39: 270000 | P39: 8100000 | Q39: Sơn các vị trí bị rĩ sét (sơn lót 15 kg, sơn màu 15 kg)
A40: 6 | B40: Mua biến tần đoạn A8, B8 băng chuyền đi quốc tế, quốc nội | E40: 125000000 | H40: 45485 | I40: Thanh Tân | K40: 7 | L40: Mỡ bò | M40: Thùng | N40: 1 | O40: 5000000 | P40: 5000000 | Q40: Bơm vào các ổ gối đạn truyền lực cho 38 module băng chuyền đi quốc tế và quốc nội
A41: 7 | B41: Mua sắm vật tư sửa chữa băng tải đoạn A, B2, B6 băng chuyền đi quốc tế, quốc nội | E41: 47540000 | H41: 45594 | I41: Thanh Tân | L41: Cộng | P41: 325708000

Sheet 62762202
A2: STT | B2: Danh mục | C2: Mã khoản mục chi phí | D2: ĐƯỢC DUYỆT | E2: BỔ SUNG | F2: SỐ TIỀN THỰC HIỆN | G2: CÒN LẠI/ TIẾN ĐỘ | H2: Ngày | I2: NGƯỜI THỰC HIỆN | J2: MỤC LỤC
B3: Sửa chữa hệ thống ống lồng | C3: 62762202 | D3: =VLOOKUP(C3,'TỔNG HỢP'!$C$4:$P$84,3,0) -> 1180000000 | F3: =SUM(F4:F889) -> 335561400 | G3: =D3-F3 -> 844438600
B4: In bảng báo cao độ cầu dẫn khách | F4: 480000 | H4: 46169 | I4: Ấn
B5: Bạc đạn cầu ống | F5: 7254400 | H5: 46207 | I5: Tân
B6: Cảm biến giới hạn trái cho cầu ống lồng VCA-102.02 (2 cái) | F6: 22784000 | H6: 46216 | I6: Tân
B7: Bảo dưỡng HT ống lồng
B8: Biến Tầng bánh xe bên phải Cầu dẫn khách VCA-10202 | F8: 15243000 | H8: 46238 | I8: Tân
B9: Cụm nâng hạ VCA-10303 | F9: 289800000 | H9: 46279 | I9: Tân
A15: 1 | B15: Sửa chữa thay mới chuông báo di chuyển và khí cụ điện | E15: 14812000 | H15: 45702 | I15: Công Đức/Tân
A16: 2 | B16: Thay thế các cửa cho các nhánh cầu dẫn khách
A17: 3 | B17: Sửa chữa thay thế Camera giám sát (cầu 02, 03), màn hình hiển thị (cầu 01) | E17: 37514000 | H17: 45740 | J17: 45749
A18: 4 | B18: Thay thế các cửa cho các nhánh cầu dẫn khách | E18: 42949632 | H18: 45750 | I18: Công Đức/Tân
A19: 5 | B19: Thay thế cảm biến khoảng cách cho các cầu dẫn khách VCA-102.02 và cáp truyền thông của VCA-102.01 | E19: 20471000 | H19: 45813 | I19: Công Đức/Tân
A20: 6 | B20: S/c thay thế các đèn Flodd Light và gương phản xạ cảm biến | E20: =6000000/1.08 -> 5555555.6 | H20: 45915 | I20: Công Đức/Tân
B22: Băng keo chống trượt cho cầu ống lồng | E22: =7150000/1.08 -> 6620370.4 | H22: 45349 | I22: Công Đức
B23: Thay thế màn hình điều khiển cho nhánh cầu dẫn khách VCA-102.01 | E23: 35949840 | G23: 35949840 | H23: 45530 | I23: Công Đức
B24: Mua sắm 02 bộ nguồn UPS DC cho nhánh cầu dẫn khách VCA-102.02 | E24: 14000000 | G24: 14350000 | H24: 45569 | I24: Công Đức

Sheet 62762203
A2: STT | B2: Danh mục | C2: Mã khoản mục chi phí | D2: ĐƯỢC DUYỆT | E2: BỔ SUNG | F2: THỰC HIỆN | G2: CÒN LẠI/ TIẾN ĐỘ | H2: NGÀY | I2: NGƯỜI THỰC HIỆN | J2: MỤC LỤC
B3: Sửa chữa hệ thống thang cuốn, thang máy | C3: 62762203 | D3: =VLOOKUP(C3,'TỔNG HỢP'!$C$4:$P$84,3,0) -> 350000000 | F3: =SUM(F4:F888) -> 200720000 | G3: =D3-F3 -> 149280000
B4: Dịch vụ bảo trì thang máy thang cuốn 2026 | F4: 162540000 | H4: 46104 | I4: Huy Ánh
B5: Decal cảnh báo thang cuốn | F5: 940000 | H5: 46231 | I5: Nguyên
B6: Guốc và board thang máy | F6: 37240000 | H6: 46272 | I6: Huy Ánh
B17: Dịch vụ bảo trì thang máy thang cuốn năm 2025 | E17: 162540000 | H17: 45721 | I17: Huy Ánh
B18: Dây đai truyền động cửa phòng thang | E18: 3107000 | H18: 45979 | I18: Huy Ánh
A20: 1 | B20: Bravo | E20: 38345455
A21: 2 | B21: Thay mới board mạch chuyển đổi nguồn của hệ thống thang máy | E21: 6308000
B22: Thay thế 1 bậc thang cuốn ES1 | E22: 12718000 | H22: 45518 | I22: Huy Ánh
B23: Thay thế vật tư cho 05 thang máy | E23: =15940800/1.08 -> 14760000 | H23: 45582 | I23: Huy Ánh
B24: Cung cấp dịch vụ bảo trì thang máy 2025 | G24: 162540000 | H24: 45617 | I24: Huy Ánh | J24: Khấu hao cho năm 2025

Sheet 62762204
A2: STT | B2: Danh mục | C2: Mã khoản mục chi phí | D2: ĐƯỢC DUYỆT | E2: BỔ SUNG | F2: SỐ TIỀN ĐÃ/ ĐANG THỰC HIỆN | G2: CÒN LẠI/ TIẾN ĐỘ | H2: Ngày | I2: NGƯỜI THỰC HIỆN | J2: MỤC LỤC
B3: Sửa chữa hệ thống thông tin liên lạc | C3: 62762204 | D3: =VLOOKUP(C3,'TỔNG HỢP'!$C$4:$P$84,3,0) -> 180000000 | F3: =SUM(F4:F889) -> 91169444 | G3: =D3-F3 -> 88830556
B4: S/c thay thế dây cáp, đầu cáp | F4: 9975000
B5: Màn hình thông báo bay (4 50 inch, 3 43 inch) | F5: =87690000/1.08 -> 81194444 | H5: 46241
A21: 1 | B21: Ắc quy thay thế cho bộ lặp bộ đàm CFR500 | E21: 3657407 | H21: 45838 | I21: Thanh Tân
A22: 2 | B22: Ổ cứng máy chủ phòng COM VBWin | E22: 3390000 | H22: 45978 | I22: Phúc

Sheet 62762205
A2: STT | B2: Danh mục | C2: Mã khoản mục chi phí | D2: ĐƯỢC DUYỆT | E2: BỔ SUNG | F2: SỐ TIỀN ĐÃ/ ĐANG THỰC HIỆN | G2: CÒN LẠI/ TIẾN ĐỘ | H2: QUY MÔ | I2: NGƯỜI THỰC HIỆN | J2: MỤC LỤC
B3: Sửa chữa hệ thống quầy thủ tục, thiết bị nội thất | C3: 62762205 | D3: =VLOOKUP(C3,'TỔNG HỢP'!$C$4:$P$84,3,0) -> 10000000 | F3: =SUM(F4:F889) -> 0
A21: 1 | B21: Sửa chữa thay thế màn hình thông báo bay (02 màn hình)
A22: 2 | B22: Vật tư sửa chữa 24 quày checkin | E22: =7600000+4255000 -> 11855000

Sheet 62762206
A2: STT | B2: Danh mục | C2: Mã khoản mục chi phí | D2: ĐƯỢC DUYỆT | E2: BỔ SUNG | F2: THỰC HIỆN | G2: CÒN LẠI/ TIẾN ĐỘ | H2: NGÀY | I2: NGƯỜI THỰC HIỆN | J2: MỤC LỤC
B3: Sửa chữa hệ thống máy móc, thiết bị làm thủ tục | C3: 62762206 | D3: =VLOOKUP(C3,'TỔNG HỢP'!$C$4:$P$84,3,0) -> 90000000 | F3: =SUM(F4:F889) -> 9318519 | G3: =D3-F3 -> 80681481
B4: S/c quày checkin quốc tế và quốc nội | F4: =7268519+2050000 -> 9318519
B20: Đầu in nhiệt máy in thẻ lên tàu bay Fujitsu 9860 | E20: 27200000 | H20: 45978 | I20: Phúc
A21: 1 | B21: Loadcell cho quày cân thủ tục | E21: 16000000 | H21: 45964 | I21: Quốc Tuấn
A22: 2 | B22: Thay thế 02 ổ cứng máy chủ (local DCS, phát thanh, checkin) | E22: =7960000/1.08 -> 7370370.4
B23: Thay thế 4 màn hình máy tính quầy thủ tục | E23: 8756000 | H23: Hải | I23: 45492

Sheet 62762207
A2: STT | B2: Danh mục | C2: Mã khoản mục chi phí | D2: ĐƯỢC DUYỆT | E2: BỔ SUNG | F2: THỰC HIỆN | G2: CÒN LẠI/ TIẾN ĐỘ | H2: NGÀY | I2: NGƯỜI THỰC HIỆN | J2: MỤC LỤC
B3: Sửa chữa hệ thống thiết bị vệ sinh | C3: 62762207 | D3: =VLOOKUP(C3,'TỔNG HỢP'!$C$4:$P$84,3,0) -> 80000000 | F3: =SUM(F4:F889) -> 5850000 | G3: =D3-F3 -> 74150000
B4: Quạt hút mùi toilet phòng VIP | F4: 3650000 | H4: 46135 | I4: Công Đức
B5: Ống xả thải Lavabo | F5: 2200000 | H5: 46300 | I5: Tân
B18: Thay thế nắp nhựa các bình xà phòng rửa tay | E18: 700000 | H18: 45722 | I18: Tân
B19: Sửa chữa cải tạo van khóa nước cho hệ thống thiết bị vệ sinh | E19: 8742778 | H19: 45728 | I19: Hiếu Nguyên/ Tân
B20: Sửa chữa thay thế văn xả bồn tiểu khu WC văn phòng | E20: 5800000 | H20: 45776 | I20: Tân
A21: 1 | B21: Bravo | E21: 7851318 | I21: Tân
A22: 2 | B22: Thay thế bảng mạch điều khiển, linh kiện, phụ kiện | E22: 16454390 | I22: Tân
B23: Van xả ấn bồn tiểu Inax UF-7V | E23: =9800000/1.1 -> 8909090.9 | H23: 45530 | I23: Tân

Sheet 62762208
A2: STT | B2: Danh mục | C2: Mã khoản mục chi phí | D2: ĐƯỢC DUYỆT | E2: BỔ SUNG | F2: THỰC HIỆN | G2: CÒN LẠI | H2: Ngày | I2: NGƯỜI THỰC HIỆN | J2: MỤC LỤC
B3: Sửa chữa máy móc thiết bị kiểm tra an ninh | C3: 62762208 | D3: =VLOOKUP(C3,'TỔNG HỢP'!$C$4:$P$84,3,0) -> 170000000 | F3: =SUM(F4:F889) -> 0 | G3: =D3-F3 -> 170000000
B17: Phụ kiện sử dụng cho máy ngưởi chất nổ HMT (Dopant +/-) | E17: 25000000 | H17: 45784
B18: Phụ kiện sử dụng cho máy ngưởi chất nổ HMT (Dopant +/-) | E18: 74025000 | H18: 45784 | I18: Dũng
B19: Phụ kiện sử dụng cho máy ngưởi chất nổ HMT (Dopant +/-) | E19: 35700000 | H19: 45950 | I19: Tân
A21: 1 | B21: Bravo | E21: 26465000
A22: 2 | B22: Thay thế màn hình máy tinh cho máy soi | E22: 8600000 | H22: 45460 | I22: Hải
A23: 3 | B23: Phụ kiện sử dụng cho máy ngưởi chất nổ | E23: 62500000 | H23: 45513 | I23: Lễ | J23: Tờ trình
A24: 4
A25: 5
A26: 6
A27: 7
A28: 8
A29: 9
A30: 10

Sheet 62762209
A2: STT | B2: Danh mục | C2: Mã khoản mục chi phí | D2: ĐƯỢC DUYỆT | E2: BỔ SUNG | F2: THỰC HIỆN | G2: CÒN LẠI/ TIẾN ĐỘ | H2: Ngày | I2: NGƯỜI THỰC HIỆN | J2: MỤC LỤC
B3: Sửa chữa máy móc, thiết bị , hệ thống thiết bị điện | C3: 62762209 | D3: =VLOOKUP(C3,'TỔNG HỢP'!$C$4:$P$84,3,0) -> 730000000 | F3: =SUM(F4:F914) -> 2.1596921e+08 | G3: =D3-F3 -> 5.1403079e+08
B4: Vật tư sc hệ thống tủ điện | F4: 18496000 | H4: 46049 | I4: Hà
B5: Bảo trì máy phát điện CAT | F5: =90196200/1.08 -> 83515000 | H5: 46052 | I5: Ấn
B6: S/c thay thế đèn chiếu sáng các khu vực nhà xe và cầu vượt | F6: 16103200 | H6: 46092 | I6: Tân
B7: S/c thay thế tủ RACK Nhà điều hành | F7: 7270000 | H7: 46097 | I7: Văn Đức/Tân
B8: Quạt hút mùi Phòng VIP | F8: 3145000 | H8: 46148 | I8: Tân
B9: Thay thế bạc đạn quạt thông gió phòng Cip Quốc tế | F9: 204600 | H9: 46160 | I9: Tân
B10: Thay thế các nguồn 150W | F10: =2870000/1.08 -> 2657407.4 | H10: 46207 | I10: Tân
B11: S/c thay thế mặt che Polycarbonat đèn chữ | F11: 15232000 | H11: 46226 | I11: Nguyên
B12: Thay mới nguồn N-OG-6 sân đỗ ô tô | F12: 8000000 | H12: 46259 | I12: Tân
B13: S/c máy phát Cummins C100 Nhà ga tạm (bộ điều khiện, báo dầu) | F13: 42500000 | H13: 46280 | I13: Ấn
B14: S/c tủ điện phòng LT và các trục Riser | F14: 18846000 | H14: 46311 | I14: Tân
A22: 1 | B22: Vật tư chiếu sáng khu vực trả hàng hóa | E22: 2027000 | H22: 45679 | I22: Tân
A23: 2 | B23: Dịch vụ bảo trì 02 máy phát điện Caterpillar C3512 và C32 | E23: 289177900 | G23: 292000000 | H23: 45720 | I23: Công Đức
A24: 3 | B24: Thay thế các tủ điện phía trên trụ đền Apron | E24: 3495000 | H24: 45740 | I24: Tân
A25: 4 | B25: S/c thay thế tăng phô đèn chữ khu vực phía trước và sau Nhà ga hành khách | E25: 4700000 | H25: 45741
A26: 5 | B26: S/c thay thế các bộ nguồn 150W cho các đèn sân đỗ ô tô | E26: 5850000 | H26: 45744 | I26: Tân
A27: 6 | B27: S/c thay mới các ắc quy cho các UPS | E27: 6000000 | H27: 45744 | I27: Công Đức
A28: 7 | B28: S/c thay thế thiết bị chống sét lan truyền tín hiệu của trụ Apron số 01 | E28: 1313000 | H28: 45751 | I28: Tân
A29: 8 | B29: Khí cụ điện cho tủ DB MDB | E29: 17026000 | H29: 45770 | I29: Tân
A30: 9 | B30: Đèn báo không lắp đặt cho chướng ngại vật | E30: 2370000 | H30: 45771 | I30: Tân
A31: 10 | B31: Cải tạo hệ thống điện các phòng làm việc Nhà điều hành | E31: 6979000 | H31: 45804 | I31: Tân
A32: 11 | B32: Thuê xe cẩu nâng người phục vụ công tác sửa chữa đèn chiếu sáng | E32: 3500000 | H32: 45806 | I32: Lộc
A33: 12 | B33: Thay thế các đấu hộp nối và cầu đấu cho đèn chiếu sáng OH | E33: 2090000 | H33: 45810 | I33: Tân
A34: 13 | B34: SC hệ thống điện tại Nhà giữ xe 2 bánh hành khách | E34: 6296000 | H34: 45817 | I34: Tân
A35: 14 | B35: SC thay thế tuyến cáp điện và thiết bị bảo vệ trạm thu phí | E35: 11915000 | G35: 13057200 | H35: 45817 | I35: Văn Đức/Tân
A36: 15 | B36: Relay kỹ thuật số giám sát 3 pha | E36: 15800000 | H36: 45870 | I36: Tân
A37: 16 | B37: S/c máy phát điện Caterpillar C3512 | E37: 5606000 | H37: 45905 | I37: Tân
B38: Nguồn đèn chữ khu vực phía trước nhà ga | E38: 4800000 | H38: 45931 | I38: Tân
B39: Nguồn đền chiếu sáng sân đỗ ô tô | E39: 5850000 | H39: 45932 | I39: Công Đức
B40: Thay đèn chiếu sáng Nhà ga, Nhà xe | E40: 17670000 | H40: 45950 | I40: Công Đức
B41: Thay đèn chiếu sáng băng chuyền Oval nhà xe gắn máy nội bộ | E41: 5975000 | H41: 45978 | I41: Tân
B42: Bảo trì máy phát điện Nhà điều hành | E42: 17220000 | H42: 45979 | I42: Ấn
B43: Sửa chữa thay thế đường truyền AOC về TT Khẩn Nguy | E43: 66400000 | H43: 45982 | I43: Nguyên
B44: Nguồn đèn gương soi | E44: 16835000
B45: SC máng cáp | E45: 64025000 | H45: 45995 | I45: Văn Đức/Tân
A46: 1 | B46: Vật tư lắp đặt hệ thống Kios Check-In | E46: =2612000+11835000 -> 14447000 | H46: 45348 | I46: Sơn Hà
A47: 2 | B47: Dịch vụ bảo trì 2 máy phát điện Caterpillar C3512 và C32 | E47: =147232000+53577000 -> 200809000 | I47: Ngọc Ấn
A48: 3 | B48: Quạt giải nhiệt cho tủ DDC của hệ thống BMS | E48: 17910000 | I48: Lộc
A49: 4 | B49: Sửa chữa đèn sự cố, đèn thoát hiểm | E49: 8429630 | H49: 45378 | I49: Ngân
A50: 5 | B50: Thay bơm dầu quay tay 2 máy phát điện Caterpillar C3512 và C32 | E50: 3800000 | H50: 45400 | I50: Ngọc Ấn
A51: 6 | B51: Mua đèn báo chướng ngại vật | E51: 2035920 | H51: 45401 | I51: Sơn Hà
A52: 7 | B52: Vật tư cấp nguồn tổng cho tủ phân phối nguồn DB2 cấp điện tầng lầu Kho hàng hóa | E52: 23760000 | H52: 45419 | I52: Sơn Hà
A53: 8 | B53: Thay thế các bộ nguồn Philips và CB 1P cho các đèn sân đỗ ô tô | E53: =13420000/1.1+1004400/1.08 -> 13130000 | H53: 45421 | I53: Đức | J53: CTY Công nghệ và thiết bị Mê Kông
A54: 9 | B54: Thay thế rơ le bảo vệ quá dồng, chạm đất - Hệ thống điện ga hàng hóa | E54: 18003000 | H54: 45433 | I54: Thanh Tân | J54: CTY CP Công nghệ và thương mại Hải Âu
A55: 10 | B55: Thay thế đèn chiếu sáng Nhà xe, Nhà an ninh | E55: 9590000 | H55: 45434 | I55: Thanh Tân | J55: LED 160
A56: 11 | B56: Mua sắm vật tư sửa chữa đèn chữ | E56: 4700000 | H56: 45423 | I56: Thanh Tân | J56: Hồng Quang
A57: 12 | B57: Thay thế đèn cao áp 400W sảnh ga đi, khu cầu vượt và đèn cao áp 1000W sân đỗ | E57: 13180000 | H57: 45460 | I57: Thanh Tân | J57: LED 160
A58: 13 | B58: Thay thế các đèn Exit nhà ga hành khách và Tunel | E58: 20800000 | H58: 45468 | I58: Thanh Tân
A59: 14 | B59: Vật tư lắp đặt nguồn điện cho các bảng quảng cáo khu vực cầu cạn ga đi | E59: 62013000 | H59: 45471 | I59: Thanh Tân
A60: 15 | B60: Vật tư sửa chữa hệ thống điện | E60: 73027000 | H60: 45481 | I60: Thanh Tân
A61: 16 | B61: Thay thế MCB cấp nguồn, contactor và timer cho trụ đèn Apron | E61: 4679000 | H61: 45481 | I61: Thanh Tân
A62: 17 | B62: Vật tư lắp đặt quầy checkin online và quầy boarding online | E62: 14016000 | H62: 45481 | I62: Thanh Tân
A63: 18 | B63: Ắc quy khởi động và lắp bơm dầu hỗ trợ bơm tiếp vận nhiên liệu máy Cummins 100kVA ga hàng hóa | E63: 5092593 | H63: 45488 | I63: Thanh Tân
A64: 19 | B64: Thay thế đèn chiếu sáng khu vực tháp giải nhiệt, Tunel, phòng làm việc, trả hành lý ga đến và băng chuyền Oval hành lang phía sau nhà ga | E64: 20338600 | H64: 45495 | I64: Thanh Tân
A65: 20 | B65: Mua khí cụ điện cho hệ thống quạt thông gió nhà ga | E65: 20205000 | H65: 45488 | I65: Thanh Tân
A66: 21 | B66: Thay thế các bộ nguồn bảng quảng cáo nhà ga hành khách | E66: 6100000 | H66: 45488 | I66: Thanh Tân
B67: Mua sắm vật tư sửa chữa hệ thống chiếu sáng sân đỗ tàu bay | E67: 16675000 | H67: 45505 | I67: Thanh Tân
B68: Ắc quy cho máy phát Cummins 100kVA Nhà ga tạm | E68: 2592593 | H68: 45491 | I68: Ngọc Ấn | J68: Chung bộ hồ sơ máy bơm dầu CCDC
B69: Vật tư sửa chữa đèn chữ | E69: 7050000 | H69: 45510 | I69: Thanh Tân
B70: Vật tư lắp trạm sạc xe nâng điện | E70: 15650000 | H70: 45510 | I70: Thanh Tân
B71: Vật tư sửa chữa đèn báo pha, báo trạng thái của hệ thống tủ điện DB và MDB | E71: 5400000 | G71: 4200000 | H71: 45516 | I71: Lộc
B72: Vật tư cấp nguồn điện sạc xe nâng điện | E72: 15650000 | H72: 45518 | I72: Thanh Tân
B73: Thay thế các đèn chiếu sáng Cổng số 1,2 và vật tư sửa chữa khu vực quầy cafe quốc nội, khu vực nhận hàng hóa | E73: 8366000 | H73: 45527 | I73: Thanh Tân
B74: Đèn Exit, đèn chiếu sáng sự cố, đèn thoát hiểm, chuông điện Nhà xe gắn máy | E74: 2850000 | G74: 6650000 | H74: 45540 | I74: Ngân
B75: Màn hình điều khiển và đồng hồ đo dầu máy phát dự phòng ga hàng hóa Cummins 100kva | G75: 35000000 | H75: 45555 | I75: Ấn
B76: Mua khí cụ điện cho hệ thống MDB | E76: 10224000 | G76: 10400000 | H76: 45562 | I76: Lộc
B77: Mua sắm 03 bộ giám sát pha cho các tủ nguồn hạ thế | G77: 14000000 | H77: 45568 | I77: Công Đức
B78: Mua sắm 04 Module Digital Input cho hệ thống BMS | E78: 27200000 | G78: 28540000 | H78: 45569 | I78: Công Đức
B79: Mua sắm 11 Ắc quy 12V 9Ah cho 02 UPS 30kVA | E79: 3300000 | G79: 3300000 | H79: 45570 | I79: Công Đức
B80: Mua sắm 03 rơ le giám sát điện áp cho các tủ nguồn hạ thế | E80: 12861000 | G80: 12861000 | H80: 45575 | I80: Tân
B81: Thay thế công tơ đếm điện năng phòng cho thuê Vietjet Air | C81: ` | E81: 600000 | H81: 45566 | I81: Tân
B82: Dịch vụ bảo trì 2 máy phát điện Nhà điều hành | G82: 21130000 | H82: 45594 | I82: Công Đức
B83: Rơ le bảo vệ điện áp cho các tử điện điều khiển quạt thông gió | G83: 3855000 | H83: 45593 | I83: Tân
B84: Thay thế đoạn cáp điện cấp nguồn cho trụ đèn chiếu sáng sân đỗ ô tô | E84: 21305000 | H84: 45590 | I84: Tân
B85: Mua sắm vật tư và dịch vụ bảo trì cho máy phát điện Nhà điều hành | E85: 18380000 | H85: 45600 | I85: Tân
B86: Mua sắm vật tư sửa chữa nguồn điện tủ bơm dầu máy phát điện, tủ phân phối điện Nhà điều hành | E86: 12103000 | G86: 12103000 | H86: 45616 | I86: Công Đức
B87: Dịch vụ bảo trì, kiểm tra cảnh báo lỗi cho UPS Reillo 30kVA cấp nguồn cho hệ thống quầy thủ tục QN | E87: 12000000 | G87: 12000000 | H87: 45623 | I87: Công Đức
B88: Thay thế các đèn pha chiếu sáng dạ cầu cạn 150w và đèn cao áp 400w sảnh ga đi | G88: 5958000 | H88: 45623 | I88: Văn Đức
B89: Thay thế nắp két nước làm mát và ống cấp - hồi dầu cho máy phát điện C32 nhà ga hành khách và C3512 ME Outhouse | E89: 10335000 | H89: 45632 | I89: Tân
D104: =33170/36020 -> 0.92087729

Sheet 62762210
A2: STT | B2: Danh mục | C2: Mã khoản mục chi phí | D2: ĐƯỢC DUYỆT | E2: BỔ SUNG | F2: THỰC HIỆN | G2: CÒN LẠI/ TIẾN ĐỘ | H2: NGÀY | I2: NGƯỜI THỰC HIỆN | J2: MỤC LỤC
B3: Sửa chữa máy móc, thiết bị , hệ thống thiết bị lạnh | C3: 62762210 | D3: =VLOOKUP(C3,'TỔNG HỢP'!$C$4:$P$84,3,0) -> 2970000000 | F3: =SUM(F4:F910) -> 2.7839956e+09 | G3: =D3-F3 -> 1.8600441e+08
B4: 02 Cảm biến nhiệt độ của Chiller 01 | F4: 11860000 | H4: 46080 | I4: Tân
B5: Bảo trì Chiller | F5: 124000000 | H5: 46090 | I5: Tân
B6: Ống hồi dầu Chiller 02 | F6: 35860000 | H6: 46126 | I6: Tân
B7: Thay thế các văn chặn đường hút của tháp giải nhiệt 1 và 2 | F7: 23520000 | G7: 25520000 | H7: 46175 | I7: Công Đức/Tân
B8: Thiết bị khởi động từ | F8: 85438000 | H8: 46207 | I8: Công Đức/Tân
B9: Bảo ôn Chiller 1 | F9: =65391000/1.08 -> 60547222 | H9: 46251 | I9: Hà
B10: Bo mạch điều khiển máy lạnh chính xác | F10: 38500000 | H10: 46272 | I10: Tân
B11: Board mạch cho máy điều hòa không khí | F11: 2750000 | H11: 46280 | I11: Tân
B12: Bảo ôn đường ống chiller Tunnel | F12: =1970590000/1.08 -> 1.8246204e+09 | H12: 46280
B13: Bo mạch điều khiển Chiller | F13: 576900000
A24: 1 | B24: Van solenoid hồi dầu về bình cho 02 Chiller | H24: 45726 | I24: Tân | J24: 10
B25: Ký hợp đồng bảo trì 02 Chiller YORK (cả năm) | H25: 45698 | I25: Tân | J25: 4 quý
B26: Vật tư sửa chữa mặt sàn bị rỉ sét và đường ống thoát nước | H26: 45764 | I26: Tân
B27: Sửa chữa các thiết bị điện hư hỏng | H27: 45770 | I27: Tân
B28: Sửa chữa máy lạnh cục bộ | H28: 45786 | I28: Công Đức
B29: Mua cảm biến nhiệt độ nước lạnh đi và hồi về cho Chiller 2 và bạc đạn động cơ quạt giải nhiệt số 1 | H29: 45805 | I29: Tân
B30: Thay thế cầu đấu điện đấu nối động cơ điện 02 Chiller | H30: 45817 | I30: Công Đức
B31: SC các bộ khớp nối trueyn62 động cho động cơ cụm bơm nước | H31: 45817 | I31: Công Đức
B32: Ron cao su đệm kín xem dầu | H32: 45870 | I32: Tân
B33: S/c rỏ rỉ gas Chiller số 1 và thay thế bảo ôn | H33: 45909 | I33: Công Đức
B34: S/c hư hỏng 2 bơm sơ cấp | H34: 45915 | I34: Tân
B35: Các dây curoa cho hệ thống quạt | H35: 45978 | I35: Công Đức
B36: S/c quạt tháp giải nhiệt | H36: 45937 | I36: Công Đức
B37: S/c board máy lạnh chính xác số 1 UPS | H37: 45950 | I37: Công Đức
... B40: SC rò rỉ gas | H40: 45994 | I40: Tuấn
A42: 1 | B42: Hợp đồng bảo dưỡng định kỳ hệ thống Chiller 2023 | E42: 34100000 | H42: 2023 | I42: Ngọc Ấn | J42: Thực hiện theo quý
A43: 2 | B43: Động cơ tăng giảm tải | E43: 60500000 | H43: 45398 | I43: Thanh Tân
A44: 3 | B44: SC thay thế cao su giảm chấn Bơm nước lạnh sơ cấp, thứ cấp, bơm tháp giải nhiệt | E44: 9008000 | H44: 45343 | I44: Thanh Tân
A45: 4 | B45: SC thay thế gia công cân chỉnh khớp nối giữa motor và buồng bơm bị hỏng, bơm sơ cấp nước lạnh PCHWP2 | E45: 10700000 | H45: 45343 | I45: Thanh Tân
A46: 5 | B46: Đồng hồ theo dõi nhiệt độ và độ ẩm | E46: 4800000 | H46: 45426 | I46: Thanh Tân | J46: công ty Báo An
A47: 6 | B47: Thay mới MCB cấp nguồn động lực cho quạt tháp giải nhiệt | E47: 4022000 | H47: 45461 | I47: Thanh Tân
A48: 7 | B48: Thay đèn pha tủ điều khiển hệ thống Chiller | E48: 3760000 | H48: 45461 | I48: Thanh Tân
A49: 8 | B49: Gas lạnh nạp bổ sung cho các máy lạnh cục bộ | E49: 2600000 | H49: 45467 | I49: Thanh Tân
A50: 9 | B50: Thay thế động cơ van Belimo | E50: 70740000 | H50: 45467 | I50: Thanh Tân
A51: 10 | B51: Vật tư sửa chữa các module giao tiếp mở rộng rơ le trung gian cho tủ DDC | E51: 27115000 | H51: 45467 | I51: Thanh Tân
A52: 11 | B52: Sửa chữa máy lạnh Daikin phòng Thủ tục bay | E52: 4900000 | H52: 45441 | I52: Phường
A53: 12 | B53: Thay thế các khi cụ điện của tử động lực Chiller số 02 | E53: 72468000 | H53: 45484 | I53: Thanh Tân
A54: 13 | B54: Bulong kế nối van tháp và giá đỡ đường ống nước tháp giải nhiệt | E54: =14712000/1.08 -> 13622222 | I54: Thanh Tân
A55: 14 | B55: Máy bơm nước thải điều hòa VALUE M2 (40L) phòng VIP, CIP | E55: =1300000*2 -> 2600000 | I55: Thanh Tân
A56: 15 | B56: Thay thế ron cao su đệm kín bình ngưng tụ của máy lạnh trung tâm Chiller | E56: =29600000/1.08 -> 27407407 | G56: 42200000 | H56: 45527 | I56: Thanh Tân
A57: 16 | B57: Thay thế 02 cảm biến nhiệt độ nước lạnh đi và hồi về cho Chiller 01 | E57: 15160000 | H57: 45543 | I57: Thanh Tân
A58: 17 | B58: Mua sắm 02 cảm biến nước lạnh cho Chiller số 02 và 06 bạc đạn cho tháp giải nhiệt số 02 | E58: 8898000 | G58: =6160000+2395800 -> 8555800 | H58: 45568 | I58: Công Đức
A59: 18 | B59: Mua sắm 01 biến tần cho bơm nước lạnh thứ cấp thuộc hệ thống điều hòa không khí | E59: 74853000 | G59: 74853000 | H59: 45573 | I59: Công Đức
A60: 19 | B60: Vật tư sửa chữa tháp giải nhiệt | G60: 2942000 | H60: 45593 | I60: Công Đức

Sheet 62762211
A2: STT | B2: Danh mục | C2: Mã khoản mục chi phí | D2: ĐƯỢC DUYỆT | E2: BỔ SUNG | F2: THỰC HIỆN | G2: CÒN LẠI/ TIẾN ĐỘ | H2: NGÀY | I2: NGƯỜI THỰC HIỆN | J2: MỤC LỤC
B3: Sửa chữa thiết bị PCCC | C3: 62762211 | D3: =VLOOKUP(C3,'TỔNG HỢP'!$C$4:$P$84,3,0) -> 290000000 | F3: =SUM(F4:F898) -> 74200926 | G3: =D3-F3 -> 2.1579907e+08
B4: S/c Thay thế Ắc quy cho hệ thống bơm chữa cháy | F4: 4351852 | H4: 46069 | I4: Ngân
B5: S/c Thay thế Ắc quy thay cho tủ báo cháy | F5: 3600000 | H5: 46132 | I5: Ngân
B6: Vật tư sửa chữa HT báo cháy (Điện thoại, Module giao tiếp, còi và đèn chớp) | F6: 11500000 | H6: 46136 | I6: Ngân
B7: Lắp thiết bị truyền tin báo cháy | E7: =(2905000+4101000)/1.08 -> 6487037 | H7: 46189 | I7: Ngân
B8: Khí cụ điện hệ thống PCCC | F8: 7400000 | H8: 46216 | I8: Tân
B9: Vật tư điện lắp thiết bị truyền tin báo cháy | F9: =9773000/1.08 -> 9049074.1 | H9: 46239 | I9: Ngân
B10: Thiết bị và gói cước truyền tin báo cháy | F10: 35800000 | H10: 46226 | I10: Ngân
B11: Rơ le áp suất cho bơm bù áp Sprinkler | F11: 2500000 | H11: 46238 | I11: Tân
B16: Vật tư hệ thống PCCC, đường ống Nhà điều hành, Van an toàn DN50 Nhà xe ngoại trường, các ổ khoá cửa tủ PCCC | E16: 8970000 | G16: 9082250 | H16: 45715 | I16: Công Đức/Tân
B17: Vật tư sửa chữa cửa thoát khói | E17: 16800000 | G17: Chưa BCMS | H17: 45729
B18: Sửa chữa bảo dưỡng cho máy bơm diesel HT chữa cháy | E18: 40610000 | H18: 45728 | I18: Công Đức/Tân | J18: 45749
B19: Màn hình hiển thị báo cháy, Module giao tiếp 3 ngõ | E19: 23640000 | H19: 45737 | I19: Ngân/Tân | J19: 45749
B20: Sửa chữa tủ điện bơm bù áp 02 Nhà ga hành khách | E20: 1000000 | G20: Chưa BCMS | H20: 45740 | I20: Công Đức
B21: 02 Biến áp cách ly hệ thống chữa cháy | E21: 957000 | G21: Chưa BCMS | H21: 45744 | I21: Công Đức
B22: Vật tư sửa chữa đèn chiếu sáng sự cố, đèn thoát hiểm | E22: 7658560 | H22: 45775 | I22: Tân
B23: Vật tư sửa chửa hệ thống PCCC | E23: 6058000 | H23: 45824 | I23: Tân
B24: Vật tư sửa chữa hệ thống báo cháy | E24: 26290000 | H24: 45905 | I24: Tân
B25: Vật tư sửa chữa hệ thống báo cháy (ắc quy, chuông báo cháy, nút bấm) | E25: 2620000 | H25: 45915 | I25: Tân
B26: SC thay thế đường ống PCCC | E26: =104590000/1.08 -> 96842593 | H26: 45964 | I26: Công Đức
B27: Vật tư sửa chữa trung tâm báo cháy | E27: 34115000 | H27: 45974 | I27: Ngân
B28: Dây chống cháy, đèn chiếu sáng, exit | E28: 12310000 | H28: 45982 | I28: Ngân
A30: 1 | B30: Tủ điều khiển cho bơm chữa cháy Diesel | E30: 19525000 | H30: 45378 | I30: Văn Tài
A31: 2 | B31: Đo áp suất 04 cầu thang bộ | E31: 4000000 | H31: 45378 | I31: Văn Tài
A32: 3 | B32: Thiết bị đóng mở cửa thoát khói | E32: 16800000 | H32: 45391 | I32: Sơn Hà | J32: CTY Đại Phong
A33: 4 | B33: Ắc quy thay tủ báo cháy | E33: 8055556 | H33: 45446 | I33: Thanh Tân | J33: VND Việt Nam
A34: 5 | B34: Tra nạp bột, khí đẩ cho bình chữa cháy cầm tay | E34: 2401364 | H34: 45453 | I34: Thanh Tân
A35: 6 | B35: Vật tư sửa chữa đầu báo | E35: 3240000 | H35: 45460 | I35: Thanh Tân
A36: 7 | B36: Vật tư sửa chữa cửa thoát khói | E36: 16800000 | H36: 45481 | I36: Thanh Tân
A37: 8 | B37: Thay mới đường ống hút cho hệ thống bơm phòng cháy chữa cháy | E37: 67765000 | H37: 45497 | I37: Văn Tài
A38: 9 | B38: Sửa chữa bình chữa cháy cầm tay | E38: 4500000 | H38: 45492 | I38: Nguyên PCCC
A39: 10 | B39: Van DN50 cho Nhà xe Ngoại trường | E39: 700000 | H39: 45505 | I39: Văn Tài
A40: 11 | B40: Mua họng tiếp nước hai cửa DN65 | E40: 3000000 | H40: 45504 | I40: Hải
A41: 12 | B41: Mua sắm 03 Ắc quy 6V 5Ah cho các đèn chiếu sáng sự cố | E41: 1277778 | G41: 1277778 | H41: 45573 | I41: Công Đức
A42: 13 | B42: Sửa chữa đầu báo hỗn hợp 12 cái, đầu báo khói 5 cái | E42: 45478400 | G42: 45478400 | H42: 45608 | I42: Ngân
A43: 7 | B43: Vật tư sửa chữa cửa thoát khói | E43: 16800000 | H43: 45607 | I43: Thanh Tân
B44: Sửa chữa thay thế đường ống PCCC nhà ga hành khách | G44: 75929000 | H44: 45630 | I44: Văn Đức

Sheet 62762212
A2: STT | B2: Danh mục | C2: Mã khoản mục chi phí | D2: ĐƯỢC DUYỆT | E2: BỔ SUNG | F2: THỰC HIỆN | G2: CÒN LẠI/ TIẾN ĐỘ | H2: NGÀY | I2: NGƯỜI THỰC HIỆN | J2: MỤC LỤC
B3: Sửa chữa hệ thống xử lý chất thải | C3: 62762212 | D3: =VLOOKUP(C3,'TỔNG HỢP'!$C$4:$P$84,3,0) -> 390000000 | F3: =SUM(F4:F889) -> 94283500 | G3: =D3-F3 -> 295716500
B4: 2 Bơm hệ thống nước thải | F4: 94283500 | H4: 46112 | I4: Công Đức
B17: Sửa chữa bơm tuần hoàn hệ thống xử lý nước thải | E17: 29551550 | H17: 45747
B18: Sửa chữa thay thế các vật tư hư hỏng, các vật liệu lọc của hệ thống xử lý nước thải | E18: 290737255 | H18: 45840 | I18: Thanh Tân
B19: Sửa chữa hệ thống tách rác | E19: 117050000 | G19: chưa BCMS | H19: 45925 | I19: Công Đức
A21: 1 | B21: Sửa chữa bánh xe và thanh ray trượt nắp bể gom | E21: 760000 | H21: 45377 | I21: Quang Huy
A22: 2 | B22: Bảng mica cho hệ thống xử lý chất thải | E22: 1390000 | H22: 45414 | I22: Quang Huy
A23: 3 | B23: SC bơm điều hòa 01 và buồng bơm thổi khí số 02 | E23: 8400000 | H23: 45343 | I23: Quang Huy
A24: 4 | B24: Thay thế đồng hồ xả thải | E24: 5000000 | H24: 45434 | I24: Thanh Tân
A25: 5 | B25: Sửa chữa bơm tuần hoàn | E25: =2700000/1.08 -> 2500000 | H25: 45447 | I25: Thanh Tân
A26: 6 | B26: Sửa chữa các hố SP 01A-01B, SP 02A-02B, SP 03A-03B, SP 05A-05B, SP 07A-07B | E26: =3712000/1.08 -> 3437037 | H26: 45447 | I26: Thanh Tân
B27: Sửa chữa buồng bơm thổi khí số 01 | E27: 5600000 | H27: 45497 | I27: Thanh Tân
B28: Mua phớt cho động cơ hộp số motor lắng | E28: 500000 | H28: 45505 | I28: Huy, Tân
B29: Mua bơm chìm thay thế | E29: 35975800 | G29: 39000000 | H29: 45594 | I29: Công Đức

Sheet 62762213
A2: STT | B2: Danh mục | C2: Mã khoản mục chi phí | D2: ĐƯỢC DUYỆT | E2: BỔ SUNG | F2: SỐ TIỀN ĐÃ/ ĐANG THỰC HIỆN | G2: CÒN LẠI/ TIẾN ĐỘ | H2: NGÀY | I2: NGƯỜI THỰC HIỆN | J2: MỤC LỤC
B3: Sửa chữa hệ thống cấp nước | C3: 62762213 | D3: =VLOOKUP(C3,'TỔNG HỢP'!$C$4:$P$84,3,0) -> 80000000 | F3: =SUM(F4:F887) -> 13491000
B4: Van 1 chiều cánh bướm | F4: 1576000 | H4: 46112 | I4: Tân
B5: Role bảo vệ điện áp 3 pha của tủ điện | F5: 2200000 | H5: 46148 | I5: Tân
B6: Tủ treo cuộn vòi hệ thống cấp nước tàu bay | F6: 8455000 | H6: 46168 | I6: Công Đức
B7: Muối hoàn nguyên | F7: 1260000 | H7: 46248 | I7: Tân
I10: =600/12 -> 50
B16: Thay thế van phao cơ, văn chặn, phao điện, đường ống bị rò rỉ nước | E16: =3417500/1.08 -> 3164351.9 | H16: 45700 | I16: Tân
B17: Thay thế các đồng hồ đo áp suất đướng hút | E17: 6600000 | H17: 45805
B18: Muối hoàn nguyên hệ thống cấp nước | E18: 2095000 | H18: 45852 | I18: Tân
B19: SC HT cấp nước (chim an ninh) | E19: 4041000 | H19: 45887 | I19: Công
A20: 2 | B20: Thay thế khí cụ điện hệ thống cấp nước | E20: 9476000 | H20: 45419 | I20: Thế Đức
A21: 3 | B21: Thay thế rơ le cho tủ điện điều khiển bơm xả bồn cầu | E21: 5679000 | H21: 45481 | I21: Tân
A22: 4 | B22: Sửa chữa đường ống nước tưới cây | E22: 2087000 | H22: 45490 | I22: Thế Đức
B23: Thay thế phụ kiện hệ thống cấp nước, van một chiều cánh bướm, đồng hồ áp suất | E23: 5959000

Sheet 62762214
A2: STT | B2: Danh mục | C2: Mã khoản mục chi phí | D2: ĐƯỢC DUYỆT | E2: BỔ SUNG | F2: THỰC HIỆN | G2: CÒN LẠI/ TIẾN ĐỘ | H2: Ngày | I2: NGƯỜI THỰC HIỆN | J2: MỤC LỤC
B3: Sửa chữa hệ thống thoát nước | C3: 62762214 | D3: =VLOOKUP(C3,'TỔNG HỢP'!$C$4:$P$84,3,0) -> 40000000 | F3: =SUM(F4:F889) -> 0 | G3: =D3-F3 -> 40000000
A21: 1 | B21: SC phao báo mức cho bơm thoát nước Tunel | E21: 6002000 | H21: 45925 | I21: Công Đức
A22: 2 | B22: Mua sắm vật tư ống PVC lắp bổ sung đường dẫn nước thải sau Hồ sen | E22: =20148000/1.08 -> 18655556 | H22: 45453 | I22: Tân

Sheet 62762215
A2: STT | B2: Danh mục | C2: Mã khoản mục chi phí | D2: ĐƯỢC DUYỆT | E2: BỔ SUNG | F2: THỰC HIỆN | G2: CÒN LẠI/ TIẾN ĐỘ | H2: Ngày | I2: NGƯỜI THỰC HIỆN | J2: MỤC LỤC
B3: Sửa chữa hệ thống trạm thu phí | C3: 62762215 | D3: =VLOOKUP(C3,'TỔNG HỢP'!$C$4:$P$84,3,0) -> 370000000 | F3: =SUM(F4:F895) -> 346450000 | G3: =D3-F3 -> 23550000
B4: Bravo (Barrier thay năm 2025 chuyển tiếp) | F4: 180400000
B5: Camera nhận diện biển số xe trước làn vào | F5: 166050000 | H5: 46161 | I5: Văn Đức/ Tân
B19: Thay thế Barrier tư động trạm thu phí | E19: 26500000 | H19: 45706 | I19: Văn Đức/Thanh Tân
B20: Thay thế PLC cho hệ thống trạm thu phí | E20: 7880000 | H20: 45716 | I20: Thanh Tân
B21: Máy in hóa đơn trạm thu phí | E21: 5900000 | H21: 45744 | I21: Thanh Tân
B22: Di dời thiết bị kết nối internet cho trạm thu phí | E22: 1744600 | H22: 45833 | I22: Thanh Tân
B23: Sửa chữa ổ cứng máy chủ trạm thu phí | E23: 6800000 | H23: 45842 | I23: Thanh Tân
B24: Thay thế UPS | E24: 26800000 | H24: 45968 | I24: Hiếu Nguyên
B25: Barrier trạm thu phí | G25: 180400000 | H25: 45982 | I25: Hiếu Nguyên
A27: 1 | B27: Thay thế ổ Khóa Cabin làn 1 Trạm thu phí | E27: 208333 | H27: 45513 | I27: Tân
A28: 2 | B28: Thay thế ổ cứng | E28: 7500000 | H28: 45527 | I28: Hải

Sheet 62762216
A2: STT | B2: Danh mục | C2: Mã khoản mục chi phí | D2: ĐƯỢC DUYỆT | E2: BỔ SUNG | F2: SỐ TIỀN ĐÃ/ ĐANG THỰC HIỆN | G2: CÒN LẠI/ TIẾN ĐỘ | H2: QUY MÔ | I2: NGƯỜI THỰC HIỆN | J2: MỤC LỤC
B3: =VLOOKUP(C3,'TỔNG HỢP'!$C$4:$P$84,14,0) -> Sửa chữa hệ thống thiết bị phục vụ máy bay | C3: 62762216 | D3: =VLOOKUP(C3,'TỔNG HỢP'!$C$4:$P$84,3,0) -> 0 | F3: =SUM(F4:F889) -> 0
A21: 1
A22: 2

Sheet 62762217
A2: STT | B2: Danh mục | C2: Mã khoản mục chi phí | D2: ĐƯỢC DUYỆT | E2: BỔ SUNG | F2: THỰC HIỆN | G2: CÒN LẠI/ TIẾN ĐỘ | H2: Ngày | I2: NGƯỜI THỰC HIỆN | J2: MỤC LỤC
B3: Sửa chữa hệ thống camera, CCTV | C3: 62762217 | D3: =VLOOKUP(C3,'TỔNG HỢP'!$C$4:$P$84,3,0) -> 300000000 | F3: =SUM(F4:F887) -> 0 | G3: =D3-F3 -> 300000000
B14: Thay thế camera KBVISION máy soi kho hàng và Tunel | E14: 3375000 | G14: 3375000 | H14: 45706 | I14: Tân
B15: Lắp đặt Camera khu vực nhà xe ngoại trường | E15: 13865000 | H15: 45786 | I15: Tân
B16: Đầu ghi hệ thống camera BOSCH | E16: 1195000 | H16: 45797 | I16: Tân
B17: Ắc quy thay thế cho UPS HE camera sân đỗ ô tô | E17: 2071074 | H17: 45832
B18: Lắp đặt Camera khu vực nhà xe ngoại trường | E18: 36075000 | G18: =38881000/1.08 -> 36000926 | H18: 45854 | I18: Hiếu Nguyên
A19: 1 | B19: Thuê Dịch vụ sửa chữa Camera Axis sân đỗ ô tô | E19: 10400000 | I19: Hải
A20: 2 | B20: Thay thế màn hình hiển thị hình ảnh và bộ chuyển đổi quan điện Camera Axis sân đỗ ô tô | E20: 12660000 | I20: Hải
A21: 3 | B21: Thay thế các bộ nguồn của hệ thống camera | E21: 1010000 | H21: 45499 | I21: Hải
A22: 4 | B22: Thay thế bộ nguồn và bộ chuyển đổi quang điện Camera AXIS sân đỗ ô tô | E22: 29949810 | H22: 45526 | I22: Tân
A23: 5 | B23: Thay thế Camera IP VISION khu vực Outhouse và trả hàng sau ga hàng hóa | E23: 3160000 | H23: 45517 | I23: Hải
A24: 6 | B24: Caemra đang khấu hao (12 tháng) | E24: =2258208*12 -> 27098496 | J24: Caemra đang khấu hao
A25: 7
A26: 8
A27: 9

Sheet 62762288
A2: STT | B2: Danh mục | C2: Mã khoản mục chi phí | D2: ĐƯỢC DUYỆT | E2: BỔ SUNG | F2: THỰC HIỆN | G2: CÒN LẠI/ TIẾN ĐỘ | H2: Ngày | I2: NGƯỜI THỰC HIỆN | J2: MỤC LỤC
B3: Sửa chữa máy móc thiết bị khác | C3: 62762288 | D3: =VLOOKUP(C3,'TỔNG HỢP'!$C$4:$P$84,3,0) -> 90000000 | F3: =SUM(F4:F889) -> 20568148 | G3: =D3-F3 -> 69431852
B4: 2 Ắc quy cho máy chà sàn | F4: 15148148 | H4: 46105 | I4: Hà
B5: Phụ tùng sửa chữa máy đóng gói | F5: 5420000 | H5: 46251 | I5: Tân
B16: Thay lỏi lọc thay máy nước uống | E16: 15600000 | H16: 45699 | I16: Ngân
B17: Thay thế 2 bình Ắc quy cho máy chà sàn Nilfisk | E17: 14925926 | H17: 45737
B18: Máy chà sàn Silfisk BA531ST | E18: 8870000 | H18: 45785 | I18: Tân
A21: 1 | B21: Ống thuỷ lực sửa chữa đường ống bơm xăng, trạm cấp phát xăng dầu | E21: 2010000 | H21: 45372 | I21: Văn Đức
A22: 2 | B22: Biển số kiểm soát cho thiết bị chiếu sáng di động | E22: =990000/1.08 -> 916666.67 | H22: 45460 | I22: Hải
A23: 3 | B23: Thay thế ắc quy cho máy chà sàn không dây | E23: =12600000/1.08 -> 11666667 | H23: 45468 | I23: Tân
A24: 4 | B24: Ắc quy cho khung nâng điện | E24: =1900000/1.08 -> 1759259.3 | H24: 45534 | I24: Tân
A25: 5

Sheet 62762301
A2: STT | B2: Danh mục | C2: Mã khoản mục chi phí | D2: ĐƯỢC DUYỆT | E2: BỔ SUNG | F2: THỰC HIỆN | G2: CÒN LẠI/ TIẾN ĐỘ | H2: NGÀY | I2: NGƯỜI THỰC HIỆN | J2: MỤC LỤC
B3: Sửa chữa phương tiện vận tải đặc chủng phục vụ bay | C3: 62762301 | D3: =VLOOKUP(C3,'TỔNG HỢP'!$C$4:$P$84,3,0) -> 1260000000 | F3: =SUM(F4:F1041) -> 7.8329641e+08 | G3: =D3-F3 -> 4.7670359e+08
B4: S/c xe nâng hàng VCA-109.01 (2 ắc quy) | F4: 3425926 | H4: 46030 | I4: Thông
B5: S/c xe đầu kéo VCA-112.05 VCA-112.06 VCA-113.07 (06 vỏ xe) | F5: 17370000 | H5: 46035 | I5: Thông
B6: Chân chống xe phục vụ hành khách đặc biệt VCA-103.02 | F6: 4050000 | H6: 46048 | I6: Thông
B7: Bộ khởi động xe nâng hàng VCA-109.03 | F7: 25251000 | H7: 46049 | I7: Tân
B8: Bộ khởi động xe băng chuyền VCA-110.09 | F8: 20673000 | H8: 46049 | I8: Tân
B9: Bơm thủy lực và van điện từ xe nâng hàng VCA-109.01 | F9: 37835000 | H9: 46051 | I9: Hà
B10: Xe đầu kéo VCA-112.07 (2 vỏ) | F10: 21180000 | H10: 46057 | I10: Tân
B11: Xe đầu kéo VCA-112.02 (Than đề, ruột đề) | F11: =950000/1.08 -> 879629.63 | H11: 46066 | I11: Thông
B12: S/c Xe cấp khí nóng tàu bay VCA-115.02 (02 ắc quy) | F12: 3888889 | H12: 46125 | I12: Tân
B13: Xe đầu kéo VCA-113.08 và VCA-112.09 (02 ắc quy) | F13: 2870370 | H13: 46125 | I13: Tân
B14: Xe đầu kéo VCA-113.01, VCA-113.08 và VCA-112.09 (06 vỏ xe) | F14: 9444444 | H14: 46125 | I14: Tân
B15: Xe nâng người khuyết tật VCA-103.02 (02 ắc quy) | F15: 3333333 | H15: 46125 | I15: Tân
B16: S/c xe băng chuyền VCA-110.08 và VCA-110.09 (2 cần số) | F16: 57690000 | H16: 46128 | I16: Tân
B17: Xe Thang hành khách TLD VCA-101.02 và xe băng chuyền VCA-110.07 (02 công tắc áp suất nhớt) | F17: 11340000 | H17: 46133 | I17: Tân
B18: S/c xe Yutong VCA-107.02 (Van 4 chiều, 34m dây hơi. Xy lanh của khoang lái) | F18: =19500000/1.08 -> 18055556 | H18: 46136 | I18: Tân
B19: S/c thay thế phốt ben chân chống xe kéo đẩy VCA-118.02 | F19: 2050000 | H19: 46161 | I19: Thông
B20: S/c thay thế xy lanh nâng hạ băng tải xe băng chuyền VCA-110.01 | F20: 1000000 | H20: 46161 | I20: Thông
B21: Thuê dịch vụ thay vỏ xe đầu kéo VCA-112.01 VCA-112.07 VCA-112.08 VCA-112.09 | F21: 3500000 | G21: chưa BCMS | H21: 46174 | I21: Thông
B22: Bảng mica in decal dán nội dung xử lý khẩn cấp (25 bảng) | F22: 3500000 | H22: 46189 | I22: Chính Trung
B23: Ắc quy xe cấp điện MAK 140KVCA VCA-114.02 | F23: 3888889 | H23: 46189 | I23: Tân
B24: Lốp xe kéo đẩy VCA-118.02 2 cái | F24: 264126000 | H24: 46207 | I24: Tân
B25: Lọc nhớ xe vệ sinh sân đường VCA-125.02 | F25: 700000 | H25: 46207 | I25: Tân
B26: Phụ tùng xe đầu kéo VCA-112.08 | F26: 5720000 | H26: 46207 | I26: Tân
B27: Lốp xe kéo đẩy VCA-118.04 1 cái | F27: 76652000 | H27: 46207 | I27: Tân
B28: Vỏ xe băng chuyền VCA-110.10 (4 cái) | F28: 16640000 | H28: 46216 | I28: Tân
B29: S/c xe chở khách VCA-107.03 (3 Ắc quy) | F29: =4650000/1.08 -> 4305555.6 | H29: 46226 | I29: Tân
B30: Thuê DV sửa chữa phốt ben xe nâng hàng VCA-109.04 | F30: 1080000 | H30: 46230 | I30: Thịnh
B31: S/c cần kéo đẩy J-TOW versa 3 và J-TOW versa3-RAL1028 | F31: 54060000 | H31: 46294 | I31: Tân
B32: S/c xe băng chuyền VCA-110.09 (4 vỏ xe) | F32: 16400000 | H32: 46303 | I32: Tân
B33: S/c xe nâng hàng VCA-109.03 (2 van 1 chiều) | F33: 62410000 | H33: 46302 | I33: Tân
B34: Mua hóa chất bảo dưỡng xe cấp nước sạch tàu bay | F34: =2230000/1.08 -> 2064814.8 | H34: 46308 | I34: Ngân
B35: Con lăn nâng đỡ băng tải xe băng chuyền VCA-110.10 | F35: 4100000 | H35: 46311 | I35: Thịnh
B36: Thuê sửa chữa khung mui xe băng chuyền BVC 110.08 | F36: 23812000 | H36: 46315 | I36: Tân
A47: 1 | B47: Phụ tùng sửa chữa xe nâng VCA-109.01 | D47: 1200000 | H47: 45680 | I47: Khoa
A48: 2 | B48: Đầu ti ben xe VCA-118.01 | D48: 3200000 | H48: 45680 | I48: Khoa
A49: 3 | B49: Vỏ xe cho 2 xe đầu kéo Toyota VCA-112.05 VCA-112.07 | D49: 10520000 | H49: 45679 | I49: Tân | J49: 8
A50: 4 | B50: Bình Ắc quy xe kéo đẩy tàu bay VCA-118.02 | D50: 7962963 | H50: 45691 | I50: Tân | J50: 10
A51: 5 | B51: Phụ tùng sửa chữa xe băng chuyền VCA-110.02 | D51: 18350000 | H51: 45691 | I51: Tân | J51: 8
A52: 6 | B52: Vỏ xe đầu kéo Toyota VCA-112.09 | D52: =3260000/1.08 -> 3018518.5 | H52: 45698 | I52: Khoa/Tân | J52: 8
A53: 7 | B53: Vỏ xe đầu kéo Toyota VCA-112.04 và VCA-112.06 | D53: 12610000 | G53: =7160000/1.08 -> 6629629.6 | H53: 45720 | I53: Khoa/Tân | J53: 8
A54: 8 | B54: Phụ tùng xe đầu kéo Toyota VCA-112.01 | G54: 44810000 | I54: SAGS bảo dưỡng nên ngừng
A55: 9 | B55: Phụ tùng xe nâng hàng Airmarrel 3.5 tấn VCA-109.01 | D55: 40310000 | G55: 54060000 | H55: 45713 | I55: Khoa/Tân
A56: 10 | B56: Cung cấp vỏ xe cho xe đầu kéo Toyota VCA-112.01 và VCA-112.08 | G56: =6520000/1.08 -> 6037037 | H56: 45720 | I56: Khoa | J56: 8
A57: 11 | B57: Phụ tùng sửa chữa xe cấp khí lạnh không tự hành 115TON/TLD ACU-802S-CUP VCA-108.01 | D57: 46289000 | G57: 51542000 | H57: 45733 | I57: Hà/Tân | J57: 10
A58: 12 | B58: Dịch vụ sửa chữa xe cấp điện tự hành MAK GPU 140KVA VCA-114.02 (két nước) | D58: 12573000 | G58: 12573000 | H58: 45755 | I58: Hà
A59: 13 | B59: Thay lốp xe kéo đầy tàu bay 02 05 07 | D59: 23190000 | G59: 27630000 | H59: 45734 | I59: Hà/Công
A60: 14 | B60: Vỏ xe đầu kéo Toyota VCA-112.01 VCA-112.08 | D60: 6520000 | H60: 45734 | I60: Hà
A61: 15 | B61: Xe cấp nước sạch tàu bay TLD/WSP-900 VCA-105.01 (2 bộ Rotuyn lái xe nước sạch) | D61: 15298000 | H61: 45741 | I61: Hà/Tân | J61: 45749
A62: 16 | B62: Xe thang hành khách TLD/ABS 580 (2 Lốp xe 215/75R17.5/16PR) | D62: =8800000/1.08 -> 8148148.1 | H62: 45741 | I62: Hà
A63: 17 | B63: Phụ tùng sửa chửa xe kéo đẩy tàu bay TLD-TPX-200S | D63: 75585000 | G63: 75585000 | H63: 45747 | I63: Hà/Tân | J63: 45763
A64: 18 | B64: Phụ tùng sửa chửa xe thang hành khách TLD/ABS 580 (Lốp xe) | D64: =8800000/1.08 -> 8148148.1 | H64: 45747 | I64: Hà/Tân | J64: 45751
A65: 19 | B65: Phụ tùng xe cấp nước sạch TLD/WSP - 900 VCA - 105.01 (Công tắc áp suất nhớt) | D65: 5244000 | H65: 45772 | I65: Tân
A66: 20 | B66: Vật tư bảo dưỡng xe vệ sinh sân đường VCA-125.02 | D66: 5920000 | H66: 45775 | I66: Tân
A67: 21 | B67: Nhớt bảo dưỡng chuyển mùa 6 tháng đầu năm | D67: 41902622 | H67: 45776 | I67: Tân
A68: 22 | B68: Nhớt bảo dưỡng chuyển mùa 6 tháng đầu năm (lọc nhớt) | D68: 11530000 | H68: 45776 | I68: Tân
A69: 23 | B69: Phụ tùng sửa chữa 02 xe chở khách khu bay Yutong VCA-107.01 và VCA-107.02 (Quạt dàn lạnh, xi lanh đóng mở cửa) | D69: =40791800/1.08 -> 37770185 | H69: 45783 | I69: Tân
A70: 24 | B70: Vật tư sửa chữa cần kéo đẩy tàu bay J-TOW | D70: 17516000 | H70: 45804 | I70: Tân
A71: 25 | B71: Vật tư sửa chữa xe vệ sinh máy bay TLD LSP 900 VCA-106.01 | D71: 2080000 | H71: 45804 | I71: Tân
A72: 26 | B72: Phụ tùng sửa chữa xe đầu kéo VCA-112.02 (vỏ xe) | D72: 8030000 | H72: 45804 | I72: Tân
A73: 27 | B73: Cung cấp các tấm nhôm gân chống trượt các xe thang VCA-102.02 07 08 09 | D73: 12083709 | H73: 45797 | I73: Tân
A74: 28 | B74: Sửa chữa YUTONG ZK6140BD VCA-107.02 | D74: =20898000/1.08 -> 19350000 | H74: 45838 | I74: Tân
A75: 29 | B75: Thay ắc quy cho xe băng chuyền TUC VCA-110.01 | D75: 1944444 | H75: 45852 | I75: Tân
A76: 30 | B76: Thay vỏ xe cho đầu kéo VCA-112.05 | D76: 5790000 | H76: 45884 | I76: Tân
A77: 31 | B77: SC xe băng chuyền VCA-111.01 ( thay 6 bánh xe) | D77: 38370000 | H77: 45888 | I77: Tân
B78: S/c xe kéo đẩy VCA-118.04 (Ắc quy) | D78: =4200000/1.08 -> 3888888.9 | H78: 45905 | I78: Tân
B79: Phụ tùng s/c xe đầu kéo VCA-112.06 | D79: 3180000 | H79: 45905 | I79: Tân
B80: Ắc quy xe đầu kéo VCA-112.07 | D80: 1435158 | H80: 45911 | I80: Tân
B81: Ắc quy xe thang TLD VCA-10102 | D81: =1800000/1.08 -> 1666666.7 | H81: 45918 | I81: Tân
B82: Vỏ xe đầu kéo VCA-112.08 | D82: 5790000 | H82: 45931 | I82: Tân
B83: SC xe thang RLD VCA-101.02 | D83: 28298000 | H83: 45959 | I83: Tân
B84: Ắc quy xe thang VCA-101.07 | D84: 1898148 | H84: 45964 | I84: Tân
B85: Nhớt chuyển mùa | D85: 56690000 | H85: 45968 | I85: Tân
B86: SC xe kéo đẩy VCA-118.03 | D86: 306600000 | H86: 45978 | I86: Thông
B87: SC xe cấp điện VCA-114.02 | D87: 261300000 | H87: 45978 | I87: Thông
B88: SC xe đầu kéo VCA-112.02 ắc quy | D88: 1388889 | H88: 45993 | I88: Thông
B89: SC xe băng chuyền TUG biển số VCA-110.01 (bơm tiếp vận) | D89: 5700000 | H89: 46001 | I89: Tân
B90: Các bánh xe Dolly (24 + 16 cái) | D90: =79876800/1.08 -> 73960000 | H90: 46239 | I90: Tân
B91: SC xe băng chuyền (2 cần số , 4 rotuyn lái) | D91: 90760000 | H91: 46240 | I91: Tân
B92: SC xe băng chuyền VCA-11007 | D92: 8320000 | H92: 46245 | I92: Tân
B93: SC xe nâng hàng VCA-10903 (4 vỏ xe) | D93: 38000000 | H93: 46258 | I93: Tân
B94: SC xe băng chuyền VCA-11001 11008 (6 vỏ xe) | D94: 43200000 | H94: 46258 | I94: Tân
B95: SC xe nâng hàng VCA-10902 (2 van điện từ) | D95: 37015000 | H95: 46258 | I95: Tân
B96: Mua ống cấp nước cho xe cấp nước VCA-105.01 | D96: 82878000 | F96: chưa BCMS | H96: 46272 | I96: Thông
B97: Ống hút cho xe vệ sinh tàu bay VCA-106.01 | D97: 18380000 | H97: 46269 | I97: Tân
B98: SC xe đầu kéo VCA-112.01 112.05 112.07 112.09 (4 bộ ghê, dây đai) | D98: 49440000 | H98: 46275 | I98: Tân
B99: SC ống thủy lực 3.5 tấn VCA-109.01 | D99: 759000 | H99: 46281 | I99: Thịnh
B100: Thay vỏ xe cho đầu kéo VCA-112.02 | D100: =1200000/1.08 -> 1111111.1 | H100: 46275 | I100: Thịnh
B101: Thay thế khung che mui xe băng chuyền VCA-110.08 110.09 | D101: 23812000 | H101: 46289 | I101: Tân
B102: Nhớt chuyển mùa | D102: =436137299/1.08 -> 4.0383083e+08 | H102: 46291 | I102: Tân
B103: Lọc nhớt chuyển mùa | D103: 115405 | H103: 46293 | I103: Tân
B104: Ống cấp khí nóng cho thiết bị Khởi động khí MAK300PPM | D104: 20769200 | H104: 46259 | I104: Tân
A173: 1 | B173: Vỏ xe điện VCA-11402 | E173: 15200000 | H173: 45324 | I173: Tân
A174: 2 | B174: Vỏ xe lạnh VCA-10802 | E174: 11400000 | H174: 45324 | I174: Tân
A175: 3 | B175: Ắc quy xe băng chuyền VCA-110.10 | E175: 1800000 | H175: 45329 | I175: Tân
A176: 4 | B176: 10 Đèn xoay | E176: 7776000 | H176: 45344 | I176: Tân
A177: 5 | B177: Đèn led xe thang VCA-10102 | E177: 200000 | H177: 45348 | I177: Tân
A178: 6 | B178: 2 Bình Ắc quy xe YuTong VCA-107.01 | E178: 6666667 | H178: 45348 | I178: Tân
A179: 7 | B179: Bình Ắc quy Thiết bị cấp khí lạnh tàu bay VCA-108.01 | E179: 3333333 | H179: 45349 | I179: Tân
...

Sheet 62762302
A2: STT | B2: Danh mục | C2: Mã khoản mục chi phí | D2: ĐƯỢC DUYỆT | E2: BỔ SUNG | F2: THỰC HIỆN | G2: CÒN LẠI/ TIẾN ĐỘ | H2: QUY MÔ | I2: NGƯỜI THỰC HIỆN | J2: MỤC LỤC
B3: Sửa chữa xe cứu hỏa, cứu thương, xe chuyên dùng | C3: 62762302 | D3: =VLOOKUP(C3,'TỔNG HỢP'!$C$4:$P$84,3,0) -> 390000000 | F3: =SUM(F4:F921) -> 3.9530822e+08 | G3: =D3-F3 -> -5308217.8 | K3: =F3/D3 -> 1.0136108
B4: S/c xe cứu hỏa VCA-121.05 (2 Ắc quy) | F4: 7962963 | H4: 46105 | I4: Tân
B5: Xe vệ sinh sân đường VCA-125.02 | F5: 78700000 | H5: 46080 | I5: Tân
B6: Bảo dưỡng xe cứu thương 57M-3529 | F6: 4584129 | H6: 46150 | I6: Hoàng Minh
B7: Sửa chữa xe cứu hỏa VCA-121.03 và VCA-121.04 (2 công tắc áp suất hơi) | F7: 36300000 | H7: 46150 | I7: Tân
B8: Mua sắm nhớt cho các TBB khẩn nguy | F8: 429630 | H8: 46160 | I8: Tân
B9: Mua bột chữa cháy 200kg | F9: 25409000 | H9: 46160 | I9: Tân
B10: Phí gia hạn server camera 2 xe cứu thương | F10: 4000000 | H10: 46189 | I10: Chính Trung
B11: Nhớt xe Cứu hỏa | F11: 17916667 | H11: 46207 | I11: Tân
B12: Bảo dưỡng các xe cứu hỏa VCA-121.03, VCA-121.04, VCA-121.05 | F12: 160600000 | G12: Hà Trình BCMS | H12: 46231 | I12: Sơn Hà/Tân
B13: Nhớt bảo dưỡng xe cứu hỏa | F13: 53555524 | G13: Hà Trình BCMS | H13: 46231 | I13: Sơn Hà/Tân
B14: Bảo dưỡng định kỳ xe cứu thương 65B-01607 | F14: 4322527 | H14: 46268 | I14: Điệp
B15: Ắc quy xe cứu thương 57M-3529 | F15: =1650000/1.08 -> 1527777.8
B36: Đèn pin theo xe chữa cháy VCA-121.03 | E36: 28500000 | H36: 45699 | I36: Ngân
B37: Phốt bơm nước xe tưới cây 65C-103.35 | E37: 900000 | H37: 45707 | I37: Khoa
B38: Nhớt bảo dưỡng xe cứu hỏa | E38: 41891041 | H38: 45772 | I38: Tân
B39: Ga lạnh, két nước xe tưới cây 65C-103.35 | E39: 1360000 | H39: 45786 | I39: Tân
B40: Vật tư bảo dưỡng 03 xe cứu hỏa VCA-121.03, VCA-121.04, VCA-121.05 | E40: =203850000 -> 203850000 | H40: 45791 | I40: Tân
B41: Phụ tùng xe nâng VCA-113.01 (2 vỏ đặc) | E41: 9870000 | H41: 45813 | I41: Tân
B42: Bảo dưỡng định kỳ xe cứu thương 65B-016.07 | E42: 4470085 | H42: 45834 | I42: Hoàng Minh
B43: Phụ tùng sửa chữa xe Vệ sinh sân đường VCA-125.02 | E43: 56580000 | H43: 45845 | I43: Tân
B44: Phụ tùng sc xe cứu hỏa VCA-121.04 | E44: 60600000 | G44: chưa BCMS | H44: 45854 | I44: Hà
B45: SC hệ thống lạnh cho xe tưới cây | E45: 1505000 | H45: 45862 | I45: Thông
B46: SC xe vệ sinh sân đường VCA-125.02 | E46: 78700000 | G46: chưa BCMS | H46: 45978 | I46: Thông
B47: Lọc nhớt bảo dưỡng cấp 2 xe vs sân đường VCA-125.02 | E47: 700000 | H47: 45978 | I47: Thông
B48: Bảo dưỡng định kỳ xe cứu thưởng 65B-016.07 | E48: 4625406 | H48: 45985 | I48: Minh
B49: Phụ tùng xe chở khách VCA-107.01 02 04 | E49: =30294000/1.08 -> 28050000 | H49: 45986 | I49: Tân
B50: SC xe cứu hỏa 03 04 05 | E50: 132200000 | H50: 45987 | I50: Hà
B51: Ắc quy xe vệ sinh sân đường VCA-125.02 | E51: 6574074 | H51: 46008 | I51: Thông
B53: Thay mới vật tư cấp bảo dưỡng V2 của xe Nifty VCA-119.01 và xe vệ sinh sân đường VCA-125.01, VCA-125.02 | E53: 765000 | H53: 45447 | I53: Hải
B54: Sửa chữa xe cứu thương 57M-3529 | E54: 692000 | H54: 45457 | I54: Tân
B55: Vật tư và dịch vụ bảo dưỡng 2 xe cứu hỏa VCA-121.03, VCA-121.04 | E55: 128100000 | H55: 45463 | I55: Tân | J55: Đức Tùng
B56: Foam, bột chữa cháy | E56: 313273800 | H56: 45481 | I56: Tân
B57: Còi khẩn nguy cho xe cứu hỏa Resenbauer VCA-121.04 | C57: Resenbauer VCA-121.04 | E57: 15300000 | H57: 45509 | I57: Tân
B58: Vật tư thay thế sửa chữa xe cứu hỏa Rosenbauer VCA-121.03 | E58: 12000000 | H58: 45491 | I58: Tân
B59: Biển số xe nâng điện | E59: 990000 | H59: 45523 | I59: Phong
B60: Dịch vụ sửa chữa xe tưới cây 65C-103.35 | E60: 3210000 | H60: 45530 | I60: Tân
B61: Dịch vụ thay thế lốp xe tưới cây | G61: 1200000 | H61: 45552 | I61: Thông
B62: Thay Ắc quy xe cứu hỏa | E62: 8981481 | H62: 45547 | I62: Tân
B63: Phụ tùng ổ khóa xe xúc nâng VCA-113.02 | G63: 980000 | H63: 45568 | I63: Khoa
B64: Pin bộ đàm cầm tay cho xe cứu hỏa | E64: 4780000 | H64: 45594 | I64: Tân
B65: Cung cấp vật tư và dịch vụ bảo dưỡng các xe cứu hỏa VCA-121-03, VCA-121.04 hiệu Rosebaur và xe cứu hỏa VCA-121.05 BAI | E65: 186269760 | H65: 45628 | I65: Tân

Sheet 62762303
A2: STT | B2: Danh mục | C2: Mã khoản mục chi phí | D2: ĐƯỢC DUYỆT | E2: BỔ SUNG | F2: THỰC HIỆN | G2: CÒN LẠI/ TIẾN ĐỘ | H2: Ngày | I2: NGƯỜI THỰC HIỆN | J2: MỤC LỤC
B3: Sửa chữa xe ô tô, xe tải các loại | C3: 62762303 | D3: =VLOOKUP(C3,'TỔNG HỢP'!$C$4:$P$84,3,0) -> 100000000 | F3: =SUM(F4:F902) -> 28931349 | G3: =D3-F3 -> 71068651
B4: Sửa chữa xe bán tải Mitsubishi 51C-001.55 | F4: 17483500 | H4: 46098 | I4: Hà
B5: Bảo dưỡng định kỳ xe 16 chỗ (thay vỏ xe) | F5: 4201773 | H5: 46192 | I5: Công
B6: Bảo dưỡng định kỳ xe FORD 65C-213.23 (nhớt, bảo dưỡng) | E6: 5252545 | F6: 3121076 | H6: 46192 | I6: Hà
B7: Bảo dưỡng định kỳ Xe tưới cây, Xe tải, Canter, Suzuki | F7: =1200000+99000/1.08 -> 1291666.7 | H7: 46207 | I7: Tân
B8: S/c xe bán tải 65C-312.23 (Ắc quy) | F8: =3060000/1.08 -> 2833333.3 | H8: 46207 | I8: Tân
B20: Sửa chữa xe bán tải Mitsubishi 51C-001.55 | E20: 21791100 | G20: 21791100 | H20: 45698 | I20: Trung Ngân
B21: Phốt bơm nước Xe tưới cây 65C-103.35 | E21: 900000 | G21: 900000 | H21: 45701 | I21: Khoa
B22: Bảo dưỡng định kỳ xe FORD 65C-213.23 | E22: 5252545 | G22: 5252545 | H22: 45734 | I22: Hà
B23: S/c xe tải 54Y-8584 | E23: =4566000/1.08 -> 4227777.8 | H23: 45755 | I23: Khoa
B24: Phụ tùng xe tải 54V-1327 | E24: 2870370 | H24: 45757 | I24: Tân
B25: Phụ tùng xe chở khách 40 chỗ 65B-016.65 (Ắc Quy) | E25: 3518519 | H25: 45757 | I25: Tân
B26: Bảo dưỡng xe tải 54V-1327 | E26: 8252000 | H26: 45771 | I26: Hà
B27: S/c xe tải 54Y-8584 (Ắc quy, vỏ xe, ruột xe) | E27: =3540000/1.08 -> 3277777.8 | H27: 45783 | I27: Tân
B28: Sửa chữa xe bán tải Mitsubishi 51C-001.55 | E28: 33070600 | H28: 45817 | I28: Hà
B29: S/c xe Ben Huyndai 65C-213.63 | E29: =2050000/1.08 -> 1898148.1 | H29: 45817 | I29: Tân
B30: S/c xe bán tải 65C-312.23 (vỏ xe) | E30: 4353995 | H30: 45904 | I30: Thông
B31: Lọc nhớt các xe tưới cây, 2 xe tải, xe tải nhỏ | E31: =3750000*1.08+4255000 -> 8305000 | H31: 46008 | I31: Thông
A34: 1 | B34: Bảo dưỡng định kỳ 150.000Km cho xe 15 chỗ Toyota 53M-9699 | E34: 1226500 | H34: 45373 | I34: Tân
A35: 2 | B35: Sửa chữa thay thế máy phát điện xe Bus 86B-016.65 | E35: 18500000 | H35: 45416 | I35: Tân
A36: 3 | B36: Bảo dưỡng định kỳ 6 tháng xe tải ben 65C-213.63 | E36: 950500 | H36: 45447 | I36: Tân
A37: 4 | B37: Bảo dưỡng định kỳ 6 tháng xe Suzuki tải 54Y-8584 | E37: =739000/1.1 -> 671818.18 | H37: 45457 | I37: Tân
A38: 5 | B38: Bảo dưỡng định kỳ 6 tháng xe tưới cây 65C-103.35 | E38: =1541500/1.1 -> 1401363.6 | H38: 45457 | I38: Tân
A39: 6 | B39: Bảo dưỡng xe bán tải 51C-001.55 | E39: 14600000 | H39: 45463 | I39: Tân
B40: Phụ tùng sửa chữa xe Bus Yutong VCA-107.01 | E40: =28496000/1.08 -> 26385185 | H40: 45468 | I40: Tân
B41: Kiểm tra các hạng mục xe đi đăng kiểm xe 15 chỗ Toyota 53M-9699
B42: Bảo dưỡng định kỳ xe bán tải 65C-213.23 10.000km | E42: 3985949 | H42: 45495 | I42: Công Cường
B43: Ruột xe suzuki | G43: =100000/1.08 -> 92592.593 | H43: 45523 | I43: Thông
B44: Dịch vụ bảo dưỡng sửa chữa xe tải 54V-1323 | E44: 13288000 | G44: 13288000 | H44: 45554 | I44: Tân
B45: Dịch vụ dán decal logo ACV cho xe bus VCA-10703 VCA-10704 | G45: 290000 | H45: 45555 | I45: Phong

Sheet 62762304
A2: STT | B2: Danh mục | C2: Mã khoản mục chi phí | D2: ĐƯỢC DUYỆT | E2: BỔ SUNG | F2: SỐ TIỀN THỰC HIỆN | G2: CÒN LẠI/ TIẾN ĐỘ | H2: QUY MÔ | I2: NGƯỜI THỰC HIỆN | J2: MỤC LỤC
B3: Sửa chữa xe ô tô (khối gián tiếp) | C3: 62762304 | D3: =VLOOKUP(C3,'TỔNG HỢP'!$C$4:$P$84,3,0) -> 30000000 | F3: =SUM(F4:F889) -> 12612737 | G3: =D3-F3 -> 17387263
B4: Bảo dưỡng xe Ford 65C-213.23 (thay 1 vỏ xe) | F4: 4201773 | H4: 46189 | I4: Ngân
B5: Bảo dưỡng định kỳ xe Mazda 4 chỗ 65A-122.93 | F5: 2043364 | H5: 46189 | I5: Chính Trung
B6: Bảo dưỡng định kỳ xe 7 chỗ 65A-122.39 | E6: 1900000 | F6: 6367600 | H6: 46189 | I6: Chính Trung
B13: Thay bình Ắc quy xe 7 chỗ 65A-122.39 | E13: 1900000 | H13: 45659 | I13: Chính Trung
B14: Bảo dưỡng 110.000km xe Mazda 65A-122.93 | E14: 2383109 | H14: 45661 | I14: Chính Trung
B15: Bảo dưỡng định kỳ xe 7 chỗ 65A-122.39 (5000km) | E15: 829300 | H15: 45708 | I15: Chính Trung
B16: Thay thế 04 lốp xe 7 chỗ 65A-122.39 | E16: 17728000 | H16: 45712 | I16: Chính Trung
B17: Bảo dưỡng định kỳ xe Huynhdai 16 chỗ 65B-018.00 | E17: 911850 | H17: 45803
B18: Bảo dưỡng xe 7 chỗ 65A-122.39 | E18: 7538100 | H18: 45840 | I18: Chính Trung
B19: Bảo dưỡng xe 7 chỗ 65A-122.39 | E19: 895644 | H19: 45994 | I19: Chính Trung
B20: Bảo sưỡng xe Ford 65C-213.23 | E20: 3846651 | H20: 46008 | I20: Thông
A21: 1
A22: 2 | B22: Bảo dưỡng định kỳ 120.000Km, lắp camera lùi cho xe 7 chỗ Fortuner | E22: =7131655-1449000 -> 5682655 | H22: 45342 | I22: Tân
B23: Bảo dưỡng định kỳ 100.000Km, lắp camera lùi cho xe 4 chỗ Mazda 65A-122.93 | E23: =2533782+1893618 -> 4427400
B24: Thay ắc quy, pin remote xe Mazda 65A-122.93 | E24: 3076000 | H24: 45442 | I24: Hải
B25: Bảo dưỡng định kỳ 105.000km cho xe 4 chỗ Mazda 65A-122.93 | E25: 1435281 | H25: 45485 | I25: Hải
B26: Bảo dưỡng cấp nhỏ cho xe 7 chỗ Toyota 65A-122.39 | E26: 848300 | H26: 45485 | I26: Hải
B27: Bảo dưỡng định kỳ 130.000km cấp trung bình bình xe 7 chỗ 55A-122.39 | E27: 4442680 | H27: 45602 | I27: Phong
B28: Thay thế lốp xe MAZDA biển số 65A-122.93 | E28: 5063040 | H28: 45602 | I28: Phong

Sheet 62762388
A2: STT | B2: Danh mục | C2: Mã khoản mục chi phí | D2: ĐƯỢC DUYỆT | E2: BỔ SUNG | F2: SỐ TIỀN ĐÃ/ ĐANG THỰC HIỆN | G2: CÒN LẠI/ TIẾN ĐỘ | H2: QUY MÔ | I2: NGƯỜI THỰC HIỆN | J2: MỤC LỤC
B3: =VLOOKUP(C3,'TỔNG HỢP'!$C$4:$P$84,14,0) -> Sửa chữa phương tiện vận tải khác | C3: 62762388 | D3: =VLOOKUP(C3,'TỔNG HỢP'!$C$4:$P$84,3,0) -> 0 | F3: =SUM(F4:F889) -> 0
A21: 1
A22: 2 | B22: Bình Ắc quy cho khung nâng điện

Sheet 62762811
A2: STT | B2: Danh mục | C2: Mã khoản mục chi phí | D2: ĐƯỢC DUYỆT | E2: BỔ SUNG | F2: THỰC HIỆN | G2: CÒN LẠI/ TIẾN ĐỘ | H2: Ngày | I2: NGƯỜI THỰC HIỆN | J2: MỤC LỤC
B3: =VLOOKUP(C3,'TỔNG HỢP'!$C$4:$P$84,14,0) -> #N/A | C3: 62762811 | D3: =VLOOKUP(C3,'TỔNG HỢP'!$C$4:$P$84,3,0) -> #N/A | F3: =SUM(F4:F889) -> 0 | G3: =D3-F3 -> #N/A
A21: 1 | B21: Sửa chữa đột xuất vị trí H21+50, T0+1,7 | E21: 20080000 | H21: 45463 | I21: Tùng
A22: 2

Sheet 62762812
A2: STT | B2: Danh mục | C2: Mã khoản mục chi phí | D2: ĐƯỢC DUYỆT | E2: BỔ SUNG | F2: SỐ TIỀN ĐÃ/ ĐANG THỰC HIỆN | G2: CÒN LẠI/ TIẾN ĐỘ | H2: QUY MÔ | I2: NGƯỜI THỰC HIỆN | J2: MỤC LỤC
B3: =VLOOKUP(C3,'TỔNG HỢP'!$C$4:$P$84,14,0) -> #N/A | C3: 62762812 | D3: =VLOOKUP(C3,'TỔNG HỢP'!$C$4:$P$84,3,0) -> #N/A | F3: =SUM(F4:F889) -> 0 | G3: =D3-F3 -> #N/A
A21: 1 | B21: Màn hình máy tính cho phòng Tải | E21: 2244000 | H21: 45513 | I21: Hải
A22: 2

Sheet 62762814
A2: STT | B2: Danh mục | C2: Mã khoản mục chi phí | D2: ĐƯỢC DUYỆT | E2: BỔ SUNG | F2: SỐ TIỀN ĐÃ/ ĐANG THỰC HIỆN | G2: CÒN LẠI/ TIẾN ĐỘ | H2: QUY MÔ | I2: NGƯỜI THỰC HIỆN | J2: MỤC LỤC
B3: =VLOOKUP(C3,'TỔNG HỢP'!$C$4:$P$84,14,0) -> #N/A | C3: 62762814 | D3: =VLOOKUP(C3,'TỔNG HỢP'!$C$4:$P$84,3,0) -> #N/A | F3: =SUM(F4:F889) -> 0
A21: 1
A22: 2

Sheet 62762815
A2: STT | B2: Danh mục | C2: Mã khoản mục chi phí | D2: ĐƯỢC DUYỆT | E2: BỔ SUNG | F2: THỰC HIỆN | G2: CÒN LẠI | H2: QUY MÔ | I2: NGƯỜI THỰC HIỆN | J2: MỤC LỤC
B3: =VLOOKUP(C3,'TỔNG HỢP'!$C$4:$P$84,14,0) -> #N/A | C3: 62762815 | D3: =VLOOKUP(C3,'TỔNG HỢP'!$C$4:$P$84,3,0) -> #N/A | F3: =SUM(F4:F889) -> 0 | G3: =D3-F3 -> #N/A
A21: 1 | B21: Mua thuốc diệt cỏ quý 1 | E21: 47047619
A22: 2 | B22: Mua thuốc diệt cỏ quý 2 | E22: 47047619 | H22: 45461

Sheet 62762818
A2: STT | B2: Danh mục | C2: Mã khoản mục chi phí | D2: ĐƯỢC DUYỆT | E2: BỔ SUNG | F2: SỐ TIỀN ĐÃ/ ĐANG THỰC HIỆN | G2: CÒN LẠI/ TIẾN ĐỘ | H2: QUY MÔ | I2: NGƯỜI THỰC HIỆN | J2: MỤC LỤC
B3: =VLOOKUP(C3,'TỔNG HỢP'!$C$4:$P$84,14,0) -> #N/A | C3: 62762818 | D3: =VLOOKUP(C3,'TỔNG HỢP'!$C$4:$P$84,3,0) -> #N/A | F3: =SUM(F4:F889) -> 0
A21: 1
A22: 2

Sheet 62762821
A2: STT | B2: Danh mục | C2: Mã khoản mục chi phí | D2: ĐƯỢC DUYỆT | E2: BỔ SUNG | F2: THỰC HIỆN | G2: CÒN LẠI/ TIẾN ĐỘ | H2: QUY MÔ | I2: NGƯỜI THỰC HIỆN | J2: MỤC LỤC
B3: =VLOOKUP(C3,'TỔNG HỢP'!$C$4:$P$84,14,0) -> #N/A | C3: 62762821 | D3: =VLOOKUP(C3,'TỔNG HỢP'!$C$4:$P$84,3,0) -> #N/A | F3: =SUM(F4:F889) -> 0 | G3: =D3-F3 -> #N/A
A21: 1 | B21: 02 máy hút ẩm đặt tại đài LOC và đài GP | E21: 15054546 | H21: 45378 | I21: Ngân
A22: 2 | B22: Tháo dỡ khung đỡ, chân trụ, mái che lắp thêm tại đài GP 06 LOC 24 và sơn đánh dấu lại Shelter theo quy định | E22: =22368000/1.08 -> 20711111 | H22: 45401 | I22: Ngân
A23: 3 | B23: Vật tư bảo dưỡng chuyển mùa 6 tháng đầu năm hệ thống dẫn đường, đèn nguồn khu bay | E23: 10240000 | H23: 45458 | I23: Ngân

Sheet 62762823
A2: STT | B2: Danh mục | C2: Mã khoản mục chi phí | D2: ĐƯỢC DUYỆT | E2: BỔ SUNG | F2: SỐ TIỀN ĐÃ/ ĐANG THỰC HIỆN | G2: CÒN LẠI/ TIẾN ĐỘ | H2: QUY MÔ | I2: NGƯỜI THỰC HIỆN | J2: MỤC LỤC
B3: =VLOOKUP(C3,'TỔNG HỢP'!$C$4:$P$84,14,0) -> #N/A | C3: 62762823 | D3: =VLOOKUP(C3,'TỔNG HỢP'!$C$4:$P$84,3,0) -> #N/A | F3: =SUM(F4:F889) -> 0
A21: 1 | B21: Vật tư bảo dưỡng chuyển mùa kỹ thuật | E21: 2666909 | J21: Bravo
A22: 2 | B22: Thí nghiệm máy biến áp 50kVA trạm nguồn 24 | E22: 8395000 | H22: 45481 | I22: Lộc
A23: 3 | B23: Mua thiết bị chống sét lan truyền LA Trạm nguồn 24 | E23: 3456000 | H23: 45481 | I23: Thanh Tân | J23: Chờ xin giá mới | K23: 10077000
B24: Đồng hồ giám sát dòng, áp cho tủ LVSB1 | E24: 42792000 | H24: 45484 | I24: Tân

Sheet 62762824
A2: STT | B2: Danh mục | C2: Mã khoản mục chi phí | D2: ĐƯỢC DUYỆT | E2: BỔ SUNG | F2: THỰC HIỆN | G2: CÒN LẠI/ TIẾN ĐỘ | H2: NGÀY | I2: NGƯỜI THỰC HIỆN | J2: MỤC LỤC
B3: =VLOOKUP(C3,'TỔNG HỢP'!$C$4:$P$84,14,0) -> #N/A | C3: 62762824 | D3: =VLOOKUP(C3,'TỔNG HỢP'!$C$4:$P$84,3,0) -> #N/A | F3: =SUM(F4:F889) -> 0 | G3: =D3-F3 -> #N/A
A21: 1 | B21: Bravo | E21: =71794125-E22 -> 37034125
A22: 2 | B22: Bộ nguồn biển chỉ dẫn hệ thống đèn HCC | E22: 34760000 | H22: 45355 | I22: Văn Vị
A23: 3 | B23: Đèn Halogen 150W 6.6A và 100W | E23: 94980600 | H23: 45355 | I23: Văn Vị
A24: 4 | B24: Vật tư hê thống đèn HCC | E24: 3100000 | H24: 45484 | I24: Văn Vị
B25: Mua 48 led thanh dài 1m, 12VDC hoặc 24VDC | H25: 45484 | I25: Văn Vị
B26: Mua 06 bộ RC-protection of contactor | E26: 3610200 | H26: 45502 | I26: Văn Vị
B27: Cáp đèn 5Kv Cu/XLPE/Sc/HDPE 1Cx6mm2 khắc phục mạch đèn tiếp cận 06 Á giảm cách điện hệ thống đèn HCC | E27: 80000000 | H27: 45505 | I27: Văn Vị | J27: dự kiến

Sheet 62762838
A2: STT | B2: Danh mục | C2: Mã khoản mục chi phí | D2: ĐƯỢC DUYỆT | E2: BỔ SUNG | F2: THỰC HIỆN | G2: CÒN LẠI/ TIẾN ĐỘ | H2: QUY MÔ | I2: NGƯỜI THỰC HIỆN | J2: MỤC LỤC
B3: =VLOOKUP(C3,'TỔNG HỢP'!$C$4:$P$84,14,0) -> #N/A | C3: 62762838 | D3: =VLOOKUP(C3,'TỔNG HỢP'!$C$4:$P$84,3,0) -> #N/A | F3: =SUM(F4:F889) -> 0 | G3: =D3-F3 -> #N/A
A21: 1 | B21: Thay thế bình ắc quy máy nén khí VCA-134.01 | E21: =1650000/1.08 -> 1527777.8
A22: 2 | B22: Thay thế răng và chốt gầu Xe xúc đào 65X-1157 | E22: 1750000 | H22: 45433 | I22: Thanh Tân
A23: 3 | B23: Thay mới vật tư cảu cấp bảo dưỡng V2 xe cắt cỏ VCA-12302, VCA-123.03, VCA-123.04 | E23: 1200000 | H23: 45447 | I23: Hải
A24: 4 | B24: Vật tư sửa chữa xe cắt cỏ VCA-123.03, VCA-123.04 | E24: =3772000/1.08 -> 3492592.6 | H24: 45447 | I24: Tân
B25: Sửa chữa bệ dao cắt cỏ Yanmar VCA-123.03; VCA-123.04 | E25: 1050000 | H25: 45468 | I25: Tân
B26: Phụ tùng bảo dưỡng máy nén khí VCA-134.01 | E26: 1400000 | H26: 45468 | I26: Tân

Sheet 627701
A2: STT | B2: Danh mục | C2: Mã khoản mục chi phí | D2: ĐƯỢC DUYỆT | E2: BỔ SUNG | F2: THỰC HIỆN | G2: CÒN LẠI/ TIẾN ĐỘ | H2: QUY MÔ | I2: NGƯỜI THỰC HIỆN | J2: MỤC LỤC
B3: Chi phí thuê dịch vụ vệ sinh | C3: 627701 | D3: =VLOOKUP(C3,'TỔNG HỢP'!$C$4:$P$84,3,0) -> 930000000 | F3: =SUM(F4:F889) -> 660895710 | G3: =D3-F3 -> 269104290
B4: Thuê dịch vụ vệ sinh hàng ngày (03 người, có thể max 06 người) | D4: mỗi tháng 51.425.280 đ | F4: =51425280*12 -> 617103360 | H4: 46042 | I4: Nhung
B5: Thuê dịch vụ vệ sinh công nghiệp năm 2026 - đợt 1 | F5: 43792350 | H5: 46230 | I5: Nhung
B16: BV 18/9 | E16: 170240000
B17: Vệ sinh rêu trên gạch (3307m2) | E17: 37797800 | H17: 45992
B18: Vệ sinh các băng ghế | E18: 6132000 | H18: 45992 | I18: Nhung
B19: Thuê giặt sấy khăn trải bản | E19: 210000 | H19: 45978 | I19: Nhung
A21: 1 | B21: Giặt thảm khu vực kiểm tra hành lý | E21: 2527200 | H21: 45321 | I21: Cẩm Nhung
A22: 2 | B22: Thuê dịch vụ vệ sinh công nghiệp nằm 2024 đợt 1 | E22: 72635000 | H22: 45490 | I22: Cẩm Nhung
E23: 400000000
E24: =156000000-E22-E21 -> 80837800

Sheet 627702
A2: STT | B2: Danh mục | C2: Mã khoản mục chi phí | D2: ĐƯỢC DUYỆT | E2: BỔ SUNG | F2: SỐ TIỀN ĐÃ/ ĐANG THỰC HIỆN | G2: CÒN LẠI/ TIẾN ĐỘ | H2: QUY MÔ | I2: NGƯỜI THỰC HIỆN | J2: MỤC LỤC
B3: Chi phí thuê dịch vụ bảo vệ | C3: 627702 | D3: =VLOOKUP(C3,'TỔNG HỢP'!$C$4:$P$84,3,0) -> 360000000 | F3: =SUM(F4:F889) -> 306662400 | G3: =D3-F3 -> 53337600
B4: Thuê bảo vệ trông giữ xe 2 bánh và ô tô | F4: =331195392/1.08 -> 306662400 | H4: 46044 | I4: Lan
A21: 1
A22: 2

Sheet 627703
A2: STT | B2: Danh mục | C2: Mã khoản mục chi phí | D2: ĐƯỢC DUYỆT | E2: BỔ SUNG | F2: THỰC HIỆN | G2: CÒN LẠI/ TIẾN ĐỘ | H2: QUY MÔ | I2: NGƯỜI THỰC HIỆN | J2: MỤC LỤC
B3: =VLOOKUP(C3,'TỔNG HỢP'!$C$4:$P$84,14,0) -> Thuê dịch vụ vệ sinh môi trường, chất thải | C3: 627703 | D3: =VLOOKUP(C3,'TỔNG HỢP'!$C$4:$P$84,3,0) -> 120000000 | F3: =SUM(F4:F889) -> 0
A21: 1 | B21: Hợp đồng nguyên tác thu gom, vận chuyển và xử lý chất thải nguy hại, chất thải rắn công nghiệp thông thường | G21: dưới 100tr | H21: 45378 | I21: Ngân
A22: 2

Sheet 627704
A2: STT | B2: Danh mục | C2: Mã khoản mục chi phí | D2: ĐƯỢC DUYỆT | E2: BỔ SUNG | F2: SỐ TIỀN ĐÃ/ ĐANG THỰC HIỆN | G2: CÒN LẠI/ TIẾN ĐỘ | H2: QUY MÔ | I2: NGƯỜI THỰC HIỆN | J2: MỤC LỤC
B3: =VLOOKUP(C3,'TỔNG HỢP'!$C$4:$P$84,14,0) -> Dịch vụ VIP, khách hàng C | C3: 627704 | D3: =VLOOKUP(C3,'TỔNG HỢP'!$C$4:$P$84,3,0) -> 5000000 | F3: =SUM(F4:F889) -> 0
A21: 1
A22: 2

Sheet 627706
A2: STT | B2: Danh mục | C2: Mã khoản mục chi phí | D2: ĐƯỢC DUYỆT | E2: BỔ SUNG | F2: SỐ TIỀN ĐÃ/ ĐANG THỰC HIỆN | G2: CÒN LẠI/ TIẾN ĐỘ | H2: QUY MÔ | I2: NGƯỜI THỰC HIỆN | J2: MỤC LỤC
B3: =VLOOKUP(C3,'TỔNG HỢP'!$C$4:$P$84,14,0) -> Thuê vận chuyển bốc xếp | C3: 627706 | D3: =VLOOKUP(C3,'TỔNG HỢP'!$C$4:$P$84,3,0) -> 100000000 | F3: =SUM(F4:F889) -> 0
A21: 1
A22: 2

Sheet 627708
A2: STT | B2: Danh mục | C2: Mã khoản mục chi phí | D2: ĐƯỢC DUYỆT | E2: BỔ SUNG | F2: THỰC HIỆN | G2: CÒN LẠI/ TIẾN ĐỘ | H2: QUY MÔ | I2: NGƯỜI THỰC HIỆN | J2: MỤC LỤC
B3: =VLOOKUP(C3,'TỔNG HỢP'!$C$4:$P$84,14,0) -> Thông tin liên lạc | C3: 627708 | D3: =VLOOKUP(C3,'TỔNG HỢP'!$C$4:$P$84,3,0) -> 123000000 | F3: =SUM(F4:F889) -> 0 | G3: =D3-F3 -> 123000000
A21: 1 | B21: Gia hạn chữ ký số BHXH | E21: 3608000 | H21: 45310 | I21: Nhã Phương
A22: 2

Sheet 627709
A2: STT | B2: Danh mục | C2: Mã khoản mục chi phí | D2: ĐƯỢC DUYỆT | E2: BỔ SUNG | F2: SỐ TIỀN ĐÃ/ ĐANG THỰC HIỆN | G2: CÒN LẠI/ TIẾN ĐỘ | H2: QUY MÔ | I2: NGƯỜI THỰC HIỆN | J2: MỤC LỤC
B3: =VLOOKUP(C3,'TỔNG HỢP'!$C$4:$P$84,14,0) -> Tiền điện | C3: 627709 | D3: =VLOOKUP(C3,'TỔNG HỢP'!$C$4:$P$84,3,0) -> 8500000000 | F3: =SUM(F4:F889) -> 0
A21: 1
A22: 2

Sheet 627710
A2: STT | B2: Danh mục | C2: Mã khoản mục chi phí | D2: ĐƯỢC DUYỆT | E2: BỔ SUNG | F2: SỐ TIỀN ĐÃ/ ĐANG THỰC HIỆN | G2: CÒN LẠI/ TIẾN ĐỘ | H2: QUY MÔ | I2: NGƯỜI THỰC HIỆN | J2: MỤC LỤC
B3: =VLOOKUP(C3,'TỔNG HỢP'!$C$4:$P$84,14,0) -> Tiền nước | C3: 627710 | D3: =VLOOKUP(C3,'TỔNG HỢP'!$C$4:$P$84,3,0) -> 700000000 | F3: =SUM(F4:F889) -> 0
A21: 1
A22: 2

Sheet 627712
A2: STT | B2: Danh mục | C2: Mã khoản mục chi phí | D2: ĐƯỢC DUYỆT | E2: BỔ SUNG | F2: THỰC HIỆN | G2: CÒN LẠI/ TIẾN ĐỘ | H2: NGÀY | I2: NGƯỜI THỰC HIỆN | J2: MỤC LỤC
B3: Chi bảo hiểm hàng không, phi hàng không | C3: 627712 | D3: =VLOOKUP(C3,'TỔNG HỢP'!$C$4:$P$84,3,0) -> 500000000 | F3: =SUM(F4:F898) -> 58796160 | G3: =D3-F3 -> 441203840
B4: Xe tải 54Y-8584 | F4: 2262300 | H4: 46059 | I4: Tân
B5: Xe tải 54V-1327 | F5: 2852300 | H5: 46059 | I5: Tân
B6: Xe tải 54V-1323 | F6: 2852300 | H6: 46059 | I6: Tân
B7: Xe Tải 65B-016.65 | F7: 7983500 | H7: 46150 | I7: Tân
B8: Bảo hiểm xe Mazda 6 65A-122.93 | F8: 10209700 | H8: 18/54/2026 | I8: Thanh Tân
B9: Bảo hiểm xe cứu thương 57M-3529 | E9: 6131560 | F9: 6510560 | H9: 45845 | I9: Chính Trung
B10: Bảo hiểm xe Mitshubishi 51C-001.55 | E10: 6090700 | F10: 5499700 | H10: 45845 | I10: Thanh Tân
B11: Bảo hiểm xe Toyota Fortuner 65A-122.39 | E11: 7947400 | F11: 7702000 | H11: 46296 | I11: Thanh Tân
B12: Bảo hiểm xe Huyndai 65B-018.00 | E12: 13459001 | F12: 12923800 | H12: 46296 | I12: Thanh Tân
B16: Bảo hiểm xe tải biển số 54V-1323 và 54V-1327 | E16: 5956600 | H16: 45677 | I16: Thanh Tân
B17: Bảo hiểm xe tải suzuki 54Y-8584 | E17: 2166300 | H17: 45708
B18: Bảo hiểm xe Huyndai 65B-016.65 | E18: 8837501 | H18: 45791 | I18: Thanh Tân
B19: Bảo hiểm xe Mazda 6 65A-122.93 | H19: 45791 | I19: Thanh Tân
B20: Bảo hiểm xe cứu thương 57M-3529 | E20: 6131560 | H20: 45838 | I20: Chính Trung
B21: Bảo hiểm xe Mitshubishi 51C-001.55 | E21: 6090700 | H21: 45845 | I21: Thanh Tân
B22: Bảo hiểm xe Huyndai 65B-018.00 | E22: 13459001 | H22: 45938 | I22: Thanh Tân
B23: Bảo hiểm xe Toyota Fortuner 65A-122.39 | E23: 7947400 | H23: 45931 | I23: Thanh Tân
B24: Bảo hiểm xe Hino 65C-103.35 | E24: 9727200 | H24: 45979 | I24: Thanh Tân
B25: Bảo hiểm xe ben 65C-213.63 | E25: 7474300 | H25: 46002 | I25: Thanh Tân
B26: Bảo hiểm xe FORD 65C-213.23 | E26: 13120700 | H26: 46002 | I26: Thanh Tân
B27: Bảo hiểm xe cứu Thương 65B-016.67 | E27: 13019560 | H27: 46009 | I27: Chính TRung
A30: 1 | B30: Bảo hiểm Xe Suzyki 54Y-8584 | E30: 2994300 | H30: 45337 | I30: Thanh Tân
A31: 2 | B31: Dịch vụ bảo hiểm xe Toyota 53M-9699 | E31: 5261000 | I31: Thanh Tân
A32: 3 | B32: Bảo hiểm xe ô tô THACO HUYNDAI COUNTY CITY 65B-016.65 | E32: =9964500/1.1 -> 9058636.4 | H32: 45418 | I32: Thanh Tân
A33: 4 | B33: Bảo hiểm xe MAZDA 6 biển số 65A-122.93 | E33: 8830700 | H33: 45435 | I33: Thanh Tân
A34: 5 | B34: Bảo hiểm xe Mitsubishi 51C-001.55 | E34: 7499700 | H34: 45477 | I34: Thanh Tân
A35: 6 | B35: Bảo hiểm xe cứu thương Hyundai 57M-3529 | E35: 7084560 | H35: 45477 | I35: Thanh Tân
A36: 7 | B36: Bảo hiểm xe ô tô FORTUNER 65A-122.39 | E36: 8812400 | H36: 45566 | I36: Thanh Tân
A37: 8 | B37: Bảo hiểm xe HUYNHDAI SOLATI 65B-018.00 | E37: 15797000 | H37: 45582 | I37: Thanh Tân
A38: 9 | B38: Bảo hiểm xe tưới cây HINO 65C-103.35 | E38: 11062200 | H38: 45582 | I38: Thanh Tân
A39: 10 | B39: Bảo hiểm xe tải ben HUYNDAI biển số 65C-213.63 | E39: 9518300 | H39: 45637 | I39: Thanh Tân
A40: 11
A41: 12
A42: 13
A43: 14

Sheet 627715
A2: STT | B2: Danh mục | C2: Mã khoản mục chi phí | D2: ĐƯỢC DUYỆT | E2: BỔ SUNG | F2: THỰC HIỆN | G2: CÒN LẠI/ TIẾN ĐỘ | H2: QUY MÔ | I2: NGƯỜI THỰC HIỆN | J2: MỤC LỤC
B3: Chi đào tạo, huấn luyện | C3: 627715 | D3: =VLOOKUP(C3,'TỔNG HỢP'!$C$4:$P$84,3,0) -> 1650000000 | F3: =SUM(F4:F889) -> 0 | G3: =D3-F3 -> 1650000000
B20: Huấn luyện tự vệ | E20: 52800000 | H20: 45930
A21: 1
A22: 2 | B22: Tập huấn an toàn bức xạ | E22: 44200000 | H22: 45435 | I22: Trân
B23: Huấn luyện "Kỹ năng tự vệ" cho lực lượng kiểm soát an ninh | E23: 39600000 | H23: 45489 | I23: Duyên
B24: Huận luyện nghiệp vụ PCCC và CNCH | E24: 4500000 | H24: 45475 | I24: Nguyên
B25: Photo tài liệu huấn luyện sơ cấp chính trị 2024 | E25: 13910400 | H25: 45621 | I25: Duyên
B26: Kỹ năng thuyết trình, trình bày trước đám đông và giao tiếp với lãnh đạo cấp trên | E26: 55000000 | H26: 45623

Sheet 627716
A2: STT | B2: Danh mục | C2: Mã khoản mục chi phí | D2: ĐƯỢC DUYỆT | E2: BỔ SUNG | F2: SỐ TIỀN ĐÃ/ ĐANG THỰC HIỆN | G2: CÒN LẠI/ TIẾN ĐỘ | H2: QUY MÔ | I2: NGƯỜI THỰC HIỆN | J2: MỤC LỤC
B3: =VLOOKUP(C3,'TỔNG HỢP'!$C$4:$P$84,14,0) -> Chi dịch vụ tư vấn, ISO | C3: 627716 | D3: =VLOOKUP(C3,'TỔNG HỢP'!$C$4:$P$84,3,0) -> 502000000 | F3: =SUM(F4:F889) -> 0
B4: Dự kiến Thuê dịch vụ tư vấn HT Quản lý môi trường theo ISO 14001:2015 | E4: 265000000 | I4: Công
B5: Dự kiến Thuê dịch vụ cấp chứng nhận HT Quản lý môi trường theo ISO 14001:2015 | E5: 110000000 | I5: Công
A21: 1
A22: 2

Sheet 627717
A2: STT | B2: Danh mục | C2: Mã khoản mục chi phí | D2: ĐƯỢC DUYỆT | E2: BỔ SUNG | F2: SỐ TIỀN ĐÃ/ ĐANG THỰC HIỆN | G2: CÒN LẠI/ TIẾN ĐỘ | H2: QUY MÔ | I2: NGƯỜI THỰC HIỆN | J2: MỤC LỤC
B3: =VLOOKUP(C3,'TỔNG HỢP'!$C$4:$P$84,14,0) -> Truyền thông, quảng cáo | C3: 627717 | D3: =VLOOKUP(C3,'TỔNG HỢP'!$C$4:$P$84,3,0) -> 0 | F3: =SUM(F4:F889) -> 0
A21: 1
A22: 2

Sheet 627720
A2: STT | B2: Danh mục | C2: Mã khoản mục chi phí | D2: ĐƯỢC DUYỆT | E2: BỔ SUNG | F2: THỰC HIỆN | G2: CÒN LẠI/ TIẾN ĐỘ | H2: QUY MÔ | I2: NGƯỜI THỰC HIỆN | J2: MỤC LỤC
B3: =VLOOKUP(C3,'TỔNG HỢP'!$C$4:$P$84,14,0) -> Dịch vụ giám sát môi trường | C3: 627720 | D3: =VLOOKUP(C3,'TỔNG HỢP'!$C$4:$P$84,3,0) -> 42000000 | F3: =SUM(F4:F888) -> 8711000 | G3: =D3-F3 -> 33289000
A4: 2 | B4: Quan trắc đo kiểm môi trường lao động 2024 | F4: 8711000 | H4: 46294 | I4: Kim Anh
A21: 2 | B21: Quan trắc đo kiểm môi trường lao động 2024 | E21: 8323000

Sheet 627721
A2: STT | B2: Danh mục | C2: Mã khoản mục chi phí | D2: ĐƯỢC DUYỆT | E2: BỔ SUNG | F2: SỐ THỰC HIỆN | G2: CÒN LẠI/ TIẾN ĐỘ | H2: Ngày | I2: NGƯỜI THỰC HIỆN | J2: MỤC LỤC
B3: Chi phí kiểm định | C3: 627721 | D3: =VLOOKUP(C3,'TỔNG HỢP'!$C$4:$P$84,3,0) -> 277000000 | F3: =SUM(F4:F903) -> 227930000 | G3: =D3-F3 -> 49070000
B4: Kiểm định nước các loại (15tr/quý) | F4: =15000000*4 -> 60000000 | H4: 46034 | I4: Ngân
B5: Kiểm định điện trở đất trụ đèn | F5: 29000000 | H5: 46048 | I5: Nguyên
B6: Kiểm định trang thiết bị chuyên dùng | F6: 60000000 | H6: 46090 | I6: Nguyên
B7: Kiểm định các cân điện tử, đồng hồ kẹp | F7: 15740000 | H7: 46111 | I7: Nguyên
B8: Kiểm định nghiêm ngặt quy 1 | F8: 22090000 | H8: 46132 | I8: Nguyên
B9: Kiểm định cân | F9: 10600000 | H9: 46224 | I9: Nguyên
B10: Kiểm định nghiêm ngặt (cầu dẫn, thang cuốn, áp suất quạt) | F10: 24800000 | H10: 46296 | I10: Nguyên
B11: Kiểm định cân các quầy check in Quốc tế | F11: 5700000 | H11: 46316 | I11: Nguyên
B20: Kiểm nghiệm nước uống, nước cấp tàu bay, nước thải, quan trắc mẫu không khí (4 quý) | E20: 67000000 | H20: 45699 | I20: Trung Ngân | J20: dự kiến
B21: Kiểm định đồng hồ đo điện trở tiếp đất và máy đo điện vạn năng hiện số | E21: 14000000 | H21: 45720 | I21: Khôi Nguyên
B22: Kiểm định điện trở tiếp đất an toàn hệ thống điện, hệ thống chống sét, tời điện trụ đèn apron 1-5, xe thang không tự hành | E22: 23000000 | H22: 45720 | I22: Khôi Nguyên
B23: Kiểm định an toàn kỹ thuật trang thiết bị cơ giới (CT) | E23: 4460000 | H23: 45768 | I23: Phong
B24: Kiểm định các bình khí nén | E24: 19500000 | H24: 45775 | I24: Nguyên
B25: Kiểm định xe chuyên dùng | E25: 60300000 | H25: 45797 | I25: Phong
B26: Kiểm định quầy Kios checkin | E26: 5712000 | H26: 45866 | I26: Nguyên
B27: Kiểm định bình khí nén hệ thống điều hòa không khí | E27: 10000000 | H27: 45887 | I27: Nguyên
B28: Kiểm định thang cuốn | E28: 8800000 | H28: 45938 | I28: Nguyên
B29: Kiểm định áp kế | E29: 2940000 | H29: 45879 | I29: Nguyên
B30: Kiểm định xe chuyên dùng | E30: 5011400 | G30: 1.4 | H30: 45944 | I30: Phong
B31: Kiểm định cân | E31: 10600000 | H31: 45964 | I31: Nguyên
B32: Kiểm định cầu dẫn khách và quạt | E32: 16000000 | H32: 45964 | I32: Nguyên
A35: 1 | B35: Kiểm định nghiêm ngặt xe thang VCA-103.01 | E35: =1400000/1.08 -> 1296296.3 | H35: 45349 | I35: Công Đức
A36: 2 | B36: Kiểm tra kỹ thuật an toàn hệ thống chống sét, hệ thống điện | E36: =12500000/1.08 -> 11574074 | H36: 45357 | I36: Công Đức
A37: 3 | B37: Kiểm định máy đo, đồng hồ đo | E37: 2750000 | H37: 45356 | I37: Công Đức
A38: 4 | B38: Kiểm định nghiêm ngặt Tời điện trụ đèn Apron | E38: =9000000/1.08 -> 8333333.3 | H38: 45376 | I38: Công Đức
A39: 5 | B39: Kiểm định thang máy thuộc danh mục thiết bị nghiêm ngặt | E39: =10000000/1.08 -> 9259259.3 | H39: 45408 | I39: Công Đức
A40: 6 | B40: Kiểm định cân điện tử 5000kg thuộc danh mục kiểm định 2024 | E40: 2640000 | H40: 45406 | I40: Công Đức
A41: 7 | B41: Kiểm định pa lăng xích kéo tay, máy nén khí, con đội, bình chứa khí | E41: 8590000 | H41: 45442 | I41: Công Đức
A42: 8 | B42: Quan trắc mẫu khí thải | E42: 5200000 | H42: 45481 | I42: Trung Ngân | J42: tuần đầu tháng 11 thực hiện
A43: 9 | B43: Kiểm định, hiệu chuẩn đồng hồ đo điện trở cách điện | E43: 1500000 | H43: 45503 | I43: Công Đức
A44: 10 | B44: Kiểm định cân đồng hồ, sào cách điện | E44: 329021 | H44: 45533 | I44: Công Đức
A45: 11 | B45: Kiểm định 04 tháng cuốn | E45: =8800000/1.08 -> 8148148.1 | G45: =8800000/1.08 -> 8148148.1 | H45: 45567 | I45: Công Đức
B46: Kiểm định các cân điện tử | E46: 10440000 | G46: 10440000 | H46: 45594 | I46: Công Đức
B47: Kiểm định các áp kế | G47: 3045600 | H47: 45609 | I47: Nguyên

Sheet 627788
A2: STT | B2: Danh mục | C2: Mã khoản mục chi phí | D2: ĐƯỢC DUYỆT | E2: BỔ SUNG | F2: THỰC HIỆN | G2: CÒN LẠI/ TIẾN ĐỘ | H2: NGÀY | I2: NGƯỜI THỰC HIỆN | J2: MỤC LỤC
B3: Chi thuê/ mua dịch vụ khác | C3: 627788 | D3: =VLOOKUP(C3,'TỔNG HỢP'!$C$4:$P$84,3,0) -> 1027000000 | F3: =SUM(F4:F912) -> 8.2549996e+08 | G3: =D3-F3 -> 2.0150004e+08
B4: Dịch vụ chữ ký số đấu thầu | F4: 2859055 | H4: 46027 | I4: Phúc
B5: Tài liệu hàng không IATA | F5: 126000000 | H5: 46041 | I5: Hải
B6: Nộp phí cấp lại giấy phép khai thác HT Kỹ thuật TB đảm bảo hoạt động bay | F6: =4000000/1.05 -> 3809523.8 | H6: 46041 | I6: Lộc
B7: Đo đạc lập bản đồ hành chính khu đất HKDD | E7: 326815616 | F7: 326815616 | G7: cuối năm Thanh toán | H7: 46027 | I7: Văn đức
B8: Phí duy trì tên miền (canthoairport.com/canthoairport.vn) | F8: =975320/1.08 -> 903074.07 | H8: 46211 | I8: Hải
B9: Dự kiến bản quyền sao lưu tự động VEEM | F9: 200000000 | H9: 46242 | I9: Hải
B10: Gia hạn đường truyển internet Mobiphone | F10: =9600000/1.08 -> 8888888.9 | H10: 46279 | I10: Hải
B11: Kiểm định công trình Nhà ga tạm | F11: =168721704/1.08 -> 156223800 | H11: 46310 | I11: Kiệt
A15: 1 | B15: Phí duy trì tên miền (canthoairport.com/canthoairport.vn) | D15: 1100000 | E15: 1100000 | F15: Hải | G15: Thanh toán đợt 2 trước ngày 15/6/2026
A16: 2 | B16: Đường truyền AMHS | D16: 33000000 | E16: 33000000 | F16: Hải
A17: 3 | B17: Gia hạn dịch vụ Google Workspace (Business Standard 3 năm) | D17: 31000000 | E17: 31000000 | F17: Hải
A18: 4 | B18: Bản quyền phần mềm sao lưu tự động Veem | D18: 100000000 | E18: 100000000 | F18: Hải | G18: Gia hạn 28 thiết bị
A19: 5 | B19: Thuê dịch vụ trích lục đo địa chính Khu đất HKDD để thực hiện thủ tục thuê đất | D19: 360000000 | E19: Đã thực hiện | F19: Công
A20: 6 | B20: Gia hạn phí duy trì dịch vụ máy chủ cho HT Camera và dịch vụ thuê sim data truyền dữ liệu lắp trên TB camera giám sát hành trình | D20: 53000000 | E20: 53000000 | F20: Nguyễn Văn Đức
A21: 7 | B21: Kiểm định công trình xây dựng: "Cải tạo nhà ga hành khách tạm" | D21: 188000000 | E21: 188000000 | F21: Kiệt/Công | G21: Kiểm định công trình Nhà ga hành khách tạm với diện tích 2977m2
A22: 8 | B22: - Dự kiến cho 1 lần thẩm định (Tài liệu KTSB, PL1 KHKN, PL2 HTQLAT): 20.000.000VNĐ - Dự kiến cho 1 lần thẩm định Chương trình ANHK, KHKN can thiệp bất hợp pháp (chuyển giao nhiệm vụ): 35.000.000VNĐ - Chi phí ký kết QCPH Công an TPCT, Kế hoạch phối hợp cùng PA08 và Sơ kết đánh giá kết quả hoạt động: dự kiến 40.000.000VNĐ | D22: 95000000 | E22: 55000000 | F22: Khởi
A23: 9 | B23: Thuê dịch vụ thiết kế app, bản đồ minh họa, menu online, QR tĩnh cố định cho các Kiosk, QR tĩnh cho các biển báo giao thông, QR tĩnh cho các quầy bán hàng | D23: 300000000 | E23: Dự kiến không dùng | F23: Thuộc hạng mục nâng điểm theo chỉ tiêu đánh giá hướng đến Cảng hàng không 4 sao.
A24: 10 | B24: Chi phí thuê tư vấn đánh giá cảng hàng không 4 sao | D24: 550000000 | E24: Dự kiến không dùng | F24: Thuộc hạng mục nâng điểm theo chỉ tiêu đánh giá hướng đến Cảng hàng không 4 sao.
B25: Dịch vụ chữ ký số đấu thầu | E25: 2859055
B26: Tài liệu hàng không IATA | E26: 126000000
B27: Nộp phí cấp lại giấy phép khai thác HT Kỹ thuật TB đảm bảo hoạt động bay | E27: =4000000/1.05 -> 3809523.8
B28: Đo đạc lập bản đồ hành chính khu đất HKDD | E28: 326815616
D29: TỔNG CẦN | E29: =SUM(E15:E28) -> 9.2058419e+08
B37: Bản quyền gia hạn phần mềm tường lửa Fortinet | E37: 640000000 | H37: 45790 | I37: Xuân Hải
B38: Dịch vụ Google Workspace | E38: 30492000 | I38: Xuân Hải
B39: Xử lý mối công trùng | E39: 48959545 | H39: 45852 | I39: Tân
B40: Gia hạn dịch vụ tên miền | E40: 990000 | H40: 45854
B41: Trạm diệt mối | E41: 32000000 | H41: 45929 | I41: Kiệt
B42: Thay đổi bộ nhận dạng thương hiệu | E42: 16390000 | H42: 45930 | I42: Việt Hải
B43: Đăng ký mới USB chữ ký số | E43: 3055418 | H43: 45968 | I43: Hải
A44: 1
A45: 2 | B45: Gia hạn bản quyền tường lửa Fortinet | E45: 650000000 | J45: phân bổ 12 tháng
A46: 3 | B46: Gia hạn dịch vụ tên miền canthoairport.com và canthoairport.vn | E46: 898900
A47: 4 | B47: Diệt mối, côn trùng khu vực phòng họp, hội trường và phòng đào tạo | E47: 12000000

Sheet 627801
A2: STT | B2: Danh mục | C2: Mã khoản mục chi phí | D2: ĐƯỢC DUYỆT | E2: BỔ SUNG | F2: THỰC HIỆN | G2: CÒN LẠI/ TIẾN ĐỘ | H2: QUY MÔ | I2: NGƯỜI THỰC HIỆN | J2: MỤC LỤC
B3: Chi trang phục ngành | C3: 627801 | D3: =VLOOKUP(C3,'TỔNG HỢP'!$C$4:$P$84,3,0) -> 910000000 | F3: =SUM(F4:F889) -> 0 | G3: =D3-F3 -> 910000000
A21: 1 | B21: Trang phục chữa cháy của lực lượng phòng cháy và chữa cháy cơ sở | E21: 26460000 | H21: 45523 | I21: Nhã Phương
A22: 2

Sheet 627806
A2: STT | B2: Danh mục | C2: Mã khoản mục chi phí | D2: ĐƯỢC DUYỆT | E2: BỔ SUNG | F2: THỰC HIỆN | G2: CÒN LẠI/ TIẾN ĐỘ | H2: NGÀY | I2: NGƯỜI THỰC HIỆN | J2: MỤC LỤC
B3: Văn phòng phẩm | C3: 627806 | D3: =VLOOKUP(C3,'TỔNG HỢP'!$C$4:$P$84,3,0) -> 60000000 | F3: =SUM(F4:F888) -> 46959167 | G3: =D3-F3 -> 13040833
B4: Nước hoa phòng họp | F4: =960000/1.08 -> 888888.89 | H4: 46146 | I4: Thu Lan
B5: Văn phòng phẩm quý 1 | F5: =29674800/1.08 -> 27476667 | H5: 46112 | I5: Kim Anh
B6: Bảng tên mica (40 bảng) | F6: 3400000 | H6: 46269 | I6: Trân
B7: Văn phòng phẩm quý 3 | F7: =16409100/1.08 -> 15193611 | H7: 46289 | I7: Trân
B16: Văn phòng phẩm quý 1 | E16: 18049200 | H16: 45741
B17: Văn phòng phẩm quý 2 | E17: =28486400-(1380000+10275000+190000+210000) -> 16431400 | H17: 45834 | I17: Trân
B18: Văn phòng phẩm quý 3 | E18: 16361800 | H18: 45925 | I18: Trân
A21: 1 | B21: Văn phòng phẩm Quý 1/2024 | E21: =10929943 -> 10929943 | I21: Trân
A22: 2 | B22: Văn phòng phẩm Quý 2/2024 | E22: 18260378 | I22: Trân
B23: Văn phòng phẩm Quý 3/2024 | E23: =28802100-12197000 -> 16605100 | I23: Trân
B24: Văn phòng phẩm Quý 4/2024 | E24: 2118091

Sheet 627807
A2: STT | B2: Danh mục | C2: Mã khoản mục chi phí | D2: ĐƯỢC DUYỆT | E2: BỔ SUNG | F2: SỐ TIỀN THỰC HIỆN | G2: CÒN LẠI/ TIẾN ĐỘ | H2: NGÀY | I2: NGƯỜI THỰC HIỆN | J2: MỤC LỤC
B3: Chi phí giấy , mực in, mực photo | C3: 627807 | D3: =VLOOKUP(C3,'TỔNG HỢP'!$C$4:$P$84,3,0) -> 140000000 | F3: =SUM(F4:F907) -> 56416500 | G3: =D3-F3 -> 83583500
B4: Giấy quý 1 | F4: 18216500 | H4: 46112 | I4: Kim Anh
B5: Mực in | F5: =6840000+1210000+450000 -> 8500000 | H5: 46119 | I5: Duyên
B6: Giấy in nhiệt Bán hàng | E6: 16400000 | F6: 16400000 | H6: 46191 | I6: Trân
B7: Giấy quý 3 | F7: =14364000/1.08 -> 13300000 | H7: 46289 | I7: Kim Anh
B24: Giấy Quý 1 | E24: 13060000 | H24: 45741 | I24: Trân
B25: Mực in Quý 1 | E25: 6180000 | H25: 45741 | I25: Trân
B26: Giấy in nhiệt Bán hàng | E26: 16400000 | H26: 45747 | I26: Trân
B27: Mực máy photo | E27: 4888000 | H27: 45797 | I27: Trân
B28: Mực in | E28: 7680000 | H28: 45798 | I28: Trân
B29: Giấy | E29: =(1380000+10275000+190000+210000) -> 12055000 | H29: 45834 | I29: Trân
B30: Mực in | E30: =9790000-440000 -> 9350000 | H30: 45859 | I30: Trân
B31: Mực in | E31: 2060000 | H31: 45903 | I31: Trân
B32: Mực máy photo | E32: 4888000 | H32: 45909 | I32: Trân
B33: Giấy quý 3 | E33: 11671000 | H33: 45925 | I33: Trân
B34: Mực nạp máyin | E34: 6450000 | H34: 45933 | I34: Trân
B35: Mực in | E35: 7840000 | H35: 45968 | I35: Duyên
B36: Mực T12 | E36: 43256000 | H36: 46016 | I36: Duyên
B37: Mực máy photo | E37: 15200000 | H37: 46016 | I37: Duyên
A39: 1 | B39: Mực in tháng 2/2024 | E39: 17480000 | H39: 45348 | I39: Trân
A40: 2 | B40: Mực in tháng 3/2024 | E40: 5840000 | H40: 45406 | I40: Trân
A41: 3 | B41: Giấy nhiệt | E41: 16400000 | H41: 45327 | I41: Trân
A42: 4 | B42: Mực in tháng 5/2024 | E42: 5230000 | H42: 45442 | I42: Trân
A43: 5 | B43: Giấy in nhiệt K75*45 | E43: =24600000/1.08 -> 22777778 | H43: 45454 | I43: Trân
A44: 6 | B44: Giấy từ Văn phòng phẩm quý 1 | E44: =20895093-10929943 -> 9965150 | H44: 45454 | I44: Trân
A45: 7 | B45: Giấy từ Văn phòng phẩm quý 2 | E45: =31090093-18260378 -> 12829715 | H45: 45454 | I45: Trân
A46: 8 | B46: Mực in máy Ricoh | E46: 4700000 | H46: 45461 | I46: Trân
A47: 9 | B47: Mực in | E47: 9030000 | H47: 45485 | I47: Trân
A48: 10 | B48: Mực in tháng 7/2024 | E48: 6210000 | H48: 45509 | I48: Trân
A49: 11 | B49: Mực in tháng 8/2024 | E49: 1760000 | H49: 45533 | I49: Trân
B50: Giấy văn phòng phẩm quý 3 | E50: 12197000 | H50: 45562 | I50: Trân
B51: Mực in tháng 11/2024 | E51: 5950000 | H51: 45622 | I51: Trân
B52: Mực máy photo | E52: 4700000 | H52: 45637 | I52: Trân
B53: Giấy quý 4 | E53: 12386000 | H53: 45652

Sheet 627808
A2: STT | B2: Danh mục | C2: Mã khoản mục chi phí | D2: ĐƯỢC DUYỆT | E2: BỔ SUNG | F2: THỰC HIỆN | G2: CÒN LẠI/ TIẾN ĐỘ | H2: NGÀY | I2: NGƯỜI THỰC HIỆN | J2: MỤC LỤC
B3: Chi mua , in ấn , pho to chứng từ, tài liệu | C3: 627808 | D3: =VLOOKUP(C3,'TỔNG HỢP'!$C$4:$P$84,3,0) -> 95000000 | F3: =SUM(F4:F898) -> 52776519 | G3: =D3-F3 -> 42223481
B4: In bảng tên mica P. PVMĐ | F4: 2450000 | H4: 46042 | I4: Trân
B5: Photo màu tài liệu tiêu chuẩn phục vụ sân đỗ | F5: 926000 | H5: 46048 | I5: Duyên
B6: In ấn nội dung PCCC | F6: 16412500 | H6: 46080 | I6: Công Cường
B7: Thay pano quảng cáo | F7: =1039500/1.08 -> 962500 | H7: 46132 | I7: Tho
B8: In Bảng xử lý khẩn cấp (18 bảng) | F8: 2520000 | G8: chưa BCMS | H8: 46146 | I8: Chính Trung
B9: Thay mới pano quảng cáo Victoria | F9: 1350000 | H9: 46153 | I9: Tho
B10: In chính sách an toàn chất lượng, chính sách ANAT, sức khỏe nghề nghiệp | F10: =13810000/1.08+1250000 -> 14037037 | H10: 46157 | I10: Việt Hải
B11: In sơ đồ khẩn nguy | F11: 1647000 | H11: 46272 | I11: Long
B12: In bảng mica (11 cái) | F12: 2365000 | H12: 46296 | I12: Hoa
B13: In bảng chính sách | F13: =10915000/1.08 -> 10106481 | H13: 46300 | I13: Việt Hải
B22: Thuê dịch vụ scan các bản vẽ A0, A2 mượn từ Ban XDCB | E22: 312000 | H22: 45741 | I22: Công Đức
B23: In hồ sơ tài liệu khai thác sân bay, | E23: 5810000 | H23: 45763 | I23: Việt Hải
B24: In bìa sơ mi, bao thư | E24: =12300000/1.08 -> 11388889 | H24: 45785 | I24: Trân
B25: In các niêm yết chính sách poster tuyên truyền văn hóa an toàn hàng không | E25: 13080000 | H25: 45789 | I25: Việt Hải
B26: In các biển bảnh báo tại khu bay | E26: 1360000 | H26: 45798 | I26: Việt Hải
B27: Poster nội quy AT VSLĐ | E27: 829440 | H27: 45895 | I27: Nhã Phương
B28: Bảng cấm câu cá, cấm tụ tập | E28: 1188000 | H28: 45943 | I28: Đức
B29: In mũi tên Sinh Trắc học | E29: 3200000 | H29: 45952 | I29: Trân
A30: 1 | B30: Thay Decal bản danh mục vật phẩm nguy hiểm | E30: 810000 | H30: 45369 | I30: Ngọc Ấn
A31: 2 | B31: Bảng dấu hiệu cảnh báo và nhãn thông tin chất thai Nguy hại | E31: 350000 | H31: 45423 | I31: Tân
A32: 3 | B32: Photo biểu mẫu PVHL - HH | E32: 2770000 | H32: 45447 | I32: Tân Hoa
A33: 4 | B33: Thay decal bảng chỉ dẫn "Xin quý khách vui lòng kiểm tra đúng hành lý" | E33: 200000 | H33: 45495 | I33: Ấn
A34: 5 | B34: Photo biểu mẫu phục vụ chuyến bay | E34: 3125000 | H34: 45524 | I34: Tân Hoa
A35: 6 | B35: In bảng khu vực tập kết xe đẩy | E35: 180000 | H35: 45575 | I35: Tân Hoa
B36: Tem decal bình chữa cháy | E36: 5000000 | H36: 45589 | I36: Nguyên
B37: In, photo Kế hoạch khẩn nguy và in màu A0 sơ đồ khẩn nguy | E37: 10199528 | H37: 45590 | I37: Công Cường
B38: Decal vệ sinh | E38: =5885000-3000000 -> 2885000 | H38: 45594
E39: 13000395
G45: 38519923
G46: =G45-F3 -> -14256596

Sheet 627809
A2: STT | B2: Danh mục | C2: Mã khoản mục chi phí | D2: ĐƯỢC DUYỆT | E2: BỔ SUNG | F2: SỐ TIỀN ĐÃ/ ĐANG THỰC HIỆN | G2: CÒN LẠI/ TIẾN ĐỘ | H2: QUY MÔ | I2: NGƯỜI THỰC HIỆN | J2: MỤC LỤC
B3: =VLOOKUP(C3,'TỔNG HỢP'!$C$4:$P$84,14,0) -> Hội nghị, khánh thành | C3: 627809 | D3: =VLOOKUP(C3,'TỔNG HỢP'!$C$4:$P$84,3,0) -> (theo chính sách chung TCT) | F3: =SUM(F4:F889) -> 0
A21: 1
A22: 2

Sheet 627810
A2: STT | B2: Danh mục | C2: Mã khoản mục chi phí | D2: ĐƯỢC DUYỆT | E2: BỔ SUNG | F2: SỐ TIỀN ĐÃ/ ĐANG THỰC HIỆN | G2: CÒN LẠI | H2: QUY MÔ | I2: NGƯỜI THỰC HIỆN | J2: MỤC LỤC
B3: Chi phí giao dịch | C3: 627810 | D3: =VLOOKUP(C3,'TỔNG HỢP'!$C$4:$P$84,3,0) -> 420000000 | F3: =SUM(F4:F889) -> 0 | G3: =D3-F3 -> 420000000
B17: Chi phí giao dịch đến tháng 26/12 | E17: 787736186
B18: Đã bao gồm các chi phí của P. KTHT đang thanh toán
B19: Đã bao gồm các chi phí của A. Hải CVP đang thanh toán
B20: Chi phí tiệc cuối năm đang thanh toán | E20: 63534000
A21: 1
A22: 2

Sheet 627812
A2: STT | B2: Danh mục | C2: Mã khoản mục chi phí | D2: ĐƯỢC DUYỆT | E2: BỔ SUNG | F2: SỐ TIỀN ĐÃ/ ĐANG THỰC HIỆN | G2: CÒN LẠI/ TIẾN ĐỘ | H2: QUY MÔ | I2: NGƯỜI THỰC HIỆN | J2: MỤC LỤC
B3: =VLOOKUP(C3,'TỔNG HỢP'!$C$4:$P$84,14,0) -> Công tác phí trong nước | C3: 627812 | D3: =VLOOKUP(C3,'TỔNG HỢP'!$C$4:$P$84,3,0) -> 240000000 | F3: =SUM(F4:F889) -> 0
A21: 1
A22: 2

Sheet 627813
A2: STT | B2: Danh mục | C2: Mã khoản mục chi phí | D2: ĐƯỢC DUYỆT | E2: BỔ SUNG | F2: THỰC HIỆN | G2: CÒN LẠI/ TIẾN ĐỘ | H2: QUY MÔ | I2: NGƯỜI THỰC HIỆN | J2: MỤC LỤC
B3: =VLOOKUP(C3,'TỔNG HỢP'!$C$4:$P$84,14,0) -> Lệ phí giao thông, cầu đường, đăng kiểm | C3: 627813 | D3: =VLOOKUP(C3,'TỔNG HỢP'!$C$4:$P$84,3,0) -> 50000000 | F3: =SUM(F4:F898) -> 12598920 | G3: =D3-F3 -> 37401080
B4: Đăng kiểm và phí đường bộ xe 29 chổ 65B-016.65 | E4: 1447455 | F4: 4589455 | H4: 46154 | I4: Phong
B5: Kiểm định xe 7 chỗ 65A-122.39 | F5: 1841455 | H5: 46154 | I5: Phong
B6: Kiểm định xe cứu thương 57M-3529 | F6: 267500 | H6: 46083 | I6: Phong
B7: Đăng kiểm xe Mazda 6 BKS 65A-122.93 | F7: =285455+1725000 -> 2010455 | H7: 46231 | I7: Chính Trung
B8: Đăng kiểm xe cứu thương 57M-2529 | F8: 267500 | H8: 46083 | I8: Chính Trung
B9: Đăng kiểm xe Huyndai 65B-016.65 | F9: 2241455 | H9: 46269 | I9: Chính Trung
B10: Đăng kiểm và phí đường bộ xe 51C-001.55 | F10: =1074000+307100 -> 1381100 | H10: 46309 | I10: Minh
B20: Kiểm định an toàn kỹ thuật phương tiện
B21: Đăng kiểm xe an ninh 51C-001.55 | E21: 1407100 | H21: 45784 | I21: Danh
B22: Kiểm định xe 65A-122.39, 65B-016.65 và đóng tiền phí đường bộ | E22: 6398909 | H22: 45796 | I22: Chính Trung
B23: Kiểm định xe cứu thương 57M-3529 | E23: 285455 | H23: 45821 | I23: Phong
B24: Kiểm định và đăng ký đường bộ xe An ninh 51C-001.55 | E24: 2000000 | H24: 45939 | I24: Danh
B25: Đăng kiểm và đóng tiền lệ phí đường bộ xe 54V-1323 | E25: 1843727 | H25: 45968 | I25: Khoa
B26: Đăng kiểm và phí đường bộ xe 29 chổ 65B-016.65 | E26: 1447455
B27: Đăng kiểm và phí đường bộ xe tải 65C-213.963 và 65C-213-23 | E27: 11394454 | H27: 46008 | I27: Thông
A30: 1 | B30: Đăng kiểm và đóng phí sử dụng đường bộ xe 15 chỗ 53M-9699 | E30: =801000+300673 -> 1101673 | H30: 45383 | I30: Điệp
A31: 2 | B31: Đăng kiểm xe và trang thiết bị hoạt động trong khu vực hạn chế | E31: 3210000 | H31: 45419 | I31: Phong
A32: 3 | B32: Đăng kiểm xe cứu thương 57M-3529, Xe 7 chỗ 65A-122.39, Xe khách 40 chỗ 65B-016.65 | E32: 6728364 | H32: 45432 | I32: Phong
A33: 4 | B33: Đăng kiểm xe đặc chủng | E33: 18793796 | H33: 45442 | I33: Phong
A34: 5 | B34: Đăng kiểm xe ô tô 65A-122.93, đóng tiền phí đường bộ | E34: 4536454 | H34: 45461 | I34: Phong
A35: 6 | B35: Đăng kiểm các xe đầu kéo, xe băng tải vận chuyển | E35: 4656113 | H35: 45462 | I35: A Thiện
A36: 7 | B36: Đăng kiểm và đóng phí sử dụng đường bộ xe ô tô 15 chỗ 53M-9699 | E36: 1123727 | H36: 45477 | I36: Phong
A37: 8 | B37: Đăng kiểm và đóng phí sử dụng đường bộ xe ô tô 15 chỗ 53M-9699 | E37: 1123727 | H37: 45567 | I37: Phong
B38: Đăng kiểm và đóng phí sử dụng đường bộ xe tải 54Y-8584, 54V-1323, 54V-1327 và xe tưới cây 65C-103.35 | E38: 10163000 | H38: 45579 | I38: Khoa
B39: Đăng kiểm và đóng phí sử dụng đường bộ xe bán tải 51C-001.55 | E39: 1516727 | H39: 45582 | I39: Hà
B40: Đăng kiểm 06 xe VCA-107.01-02; VCA-121.03-04; VCA-114.02; VCA-108.02 | E40: 3210000 | H40: 45583 | I40: Phong
B41: Đóng phí sửa dụng đường bộ 12 tháng xe HYUNHDAI SOLATI 65B-018.00 | E41: 3240000 | H41: 45586 | I41: Hoàng Minh
B42: Kiểm định xe cứu thương 57M-3529, xe buýt 65B-016.65 và đóng phí sử dụng đường bộ xe buýt | E42: 4119910 | H42: 45614 | I42: Điệp

Sheet 627816
A2: STT | B2: Danh mục | C2: Mã khoản mục chi phí | D2: ĐƯỢC DUYỆT | E2: Dữ kiến thực hiện | F2: ĐÃ THỰC HIỆN | G2: CÒN LẠI/ TIẾN ĐỘ | H2: CÒN LẠI | I2: Ngày | J2: NGƯỜI THỰC HIỆN | K2: MỤC LỤC
B3: Chi phí chăm sóc cây cảnh và trang trí nhà ga, văn phòng | C3: 627816 | D3: =VLOOKUP(C3,'TỔNG HỢP'!$C$4:$P$84,3,0) -> 270000000 | E3: =SUM(E4:E34) -> 323600000 | F3: =SUM(F4:F937) -> 87815258 | G3: =D3-F3 -> 1.8218474e+08 | H3: =D3-E3-F3 -> -1.4141526e+08
B4: [Tết] Hoa trang trí ĐTN | F4: =1131000/1.08 -> 1047222.2
B5: [Tết] Bộ bánh tét dưa | F5: =1080000/1.08 -> 1000000
B6: [Tết] Hoa trang trí tết, bao lì xì, lồng đèn, decal | F6: 9040000
B7: [Tết] Backdrop, chữ ACV | F7: 7300000
B8: Phân sơ dừa hỗn hợp | F8: 5500000 | I8: 46097 | J8: Đức
B9: Hoa trang trí bục Bác | F9: 5000000 | I9: 46129 | J9: K.Anh
B10: Thuê nhân công nhổ cỏ 2 hồ sen | F10: 4629630 | I10: 46132 | J10: Đức
B11: Cây xanh trang trí nhà ga | F11: 1310000 | I11: 46148 | J11: Thu Lan
B12: Cờ tổ quốc | F12: 2630000 | I12: 46182 | J12: Trân
B13: Vật tư chăm sóc cây cảnh | F13: 4076200 | I13: 46191 | J13: Văn Đức
B14: Thuê nhân công mé cành cây | F14: =21600000/1.08 -> 20000000 | I14: 46191 | J14: Văn Đức
B15: Cây xanh trang trí nhà ga | F15: =3570000/1.08 -> 3305555.6 | I15: 46192 | J15: Thu Lan
B16: Cây xanh trang trí nhà ga (60 cây đuôi công) | F16: =4500000/1.08 -> 4166666.7 | I16: 46251 | J16: Thu Lan
B17: Phân sơ dừa hỗn hợp | F17: 5500000 | I17: 46252 | J17: Đức
B18: Cây đô la treo (10 chậu) | F18: =600000/1.08 -> 555555.56 | I18: 46254 | J18: Thu Lan
B19: Cây đuôi công (60 chậu) | F19: =60*75000/1.08 -> 4166666.7 | I19: 46254 | J19: Thu Lan
B20: Backdrop Đoàn Thanh Niên | F20: =4000000/1.08 -> 3703703.7 | I20: 46269 | J20: Ngọc
B21: Trang trí Trung thu | F21: 4623778 | I21: 46280 | J21: Ngọc
B22: Băng rôn PCCC | F22: 260280 | I22: 46309 | J22: Hùng
B28: DỰ KIẾN THỰC HIỆN
B29: Tạo khu vực xanh bằng Ghế composite cây xanh | E29: =16700000*8 -> 133600000
B30: Backdrop, bục, logo (Kiệt) | E30: 45000000
B31: Cây thông noel và trang trí noel | E31: 55000000
B32: Trang trí các dịp lễ Tết dương lịch | E32: 15000000
B33: Chi phí thuê nhân công cắt cỏ | E33: 15000000
B34: Trang trí phục vụ tiêu chuẩn 4 SAO | E34: 60000000
B35: TỔNG CỘNG | E35: =SUM(E29:E34) -> 323600000
A43: 1 | B43: Mua sắm hoa trang trí Tết 2025 | E43: 26470000 | I43: 45680 | J43: Thanh Sơn
A44: 2 | B44: Ống nước mềm phục vụ công tác chăm sóc cây cảnh | E44: 1650000 | I44: 45694 | J44: Sơn Hà
B45: Backdrop 8/3 | E45: 1048680 | I45: 45719 | J45: Minh
B46: Trang trí Tết | E46: 5320000 | I46: 45708 | J46: Trân
B47: Phân hữu cơ | E47: 5000000 | I47: 45755 | J47: Tân
B48: Vật tư chăm sóc cây cảnh | E48: 10850000 | I48: 45757 | J48: Văn Đức
B49: Thuê nhổ cỏ 2606m2 | E49: 5472000 | I49: 45762 | J49: Hà
B50: Mua sắm bông trang thái phía trước nhà ga | E50: 2400000 | I50: 45765 | J50: Tân
B51: Thay mới pano quảng cáo Khách sạn Victoria | E51: 836000 | I51: 45762 | J51: Hải
B52: Vật tư chăm sóc cây cảnh | E52: 10522000 | I52: 45772 | J52: Tân
B53: VẬt tư chăm sóc cây cảnh (phân xơ dừa) | E53: 5000000 | I53: 45806 | J53: Tân
B54: Thuê nhân công nhỏ cỏ cổng số 2 | E54: 13315500 | I54: 45810 | J54: Hà
B55: Mua khăn trải bàn cho hội trường | E55: 1508976 | I55: 45814 | J55: Trân
B56: Thuê nhổ cỏ 961m2 | E56: 7420842 | I56: 45874 | J56: Hà
B57: Băng rôn backdrop đại hội đảng bộ | E57: =1758000/1.08 -> 1627777.8 | I57: 45882 | J57: Trân
B58: Bảng chỉ dẫn ghế ngồi ưu tiên và vạch dừng
B59: Thuê nhân công đốn hạ cây kè bạc | E59: 1485000 | I59: 45887 | J59: Văn Đức
B60: Biển chỉ dẫn ghế ngồi ưu tiên và vạch dừng xe đầy | E60: 11040000 | I60: 45903 | J60: Kiệt
B61: Cờ tổ quốc | E61: 2630000 | I61: 45903 | J61: Trân
B62: Băng rôn PCCC | E62: 520560 | I62: 45937 | J62: Cường
B63: Nhân công nhổ cỏ hồ sen | E63: =4000000/1.08 -> 3703703.7 | I63: 45950 | J63: Văn Đức
B64: Nhân công cắt tỉa nhánh cây Nguyệt Quết | E64: 3510000 | I64: 45975 | J64: Văn Đức
B65: Cây thông noel và trang trí noel | E65: =41940000+4500000+9370000+777600 -> 56587600 | I65: 45979 | J65: Nguyên
B66: Chăm sóc cây cảnh Trạm nguồn | E66: 11364000 | I66: 45982 | J66: Nhung
A69: 1 | B69: Mua hoa cây cảnh trang trí Nhà ga | E69: 19800000 | I69: 45295
A70: 2 | B70: Mua cờ | E70: 800000 | I70: 45295
A71: 3 | B71: Mua cờ | E71: 1200000 | I71: 45325
A72: 4 | B72: Vật tư trang trí tết | E72: 10630000 | I72: 45354
A73: 5 | B73: Mua hóa trang trí Nhà ga | E73: 29600680 | I73: 45327 | J73: Tân
A74: 6 | B74: Trang trí backdrop | E74: 25330000 | I74: 45327
A75: 7 | B75: Mua cờ phướn | E75: 2000000 | I75: 45337 | J75: Trân
A76: 8 | B76: Hoa trang trí nhà ga | E76: 6600000 | I76: 45343 | J76: Nhã Phương
A77: 9 | B77: Backdrop chụp hình | E77: 8680000 | I77: 45387
A78: 10 | B78: Khăn trải bàn | E78: 1153690 | I78: 45488 | J78: Nhã Phương
A79: 11 | B79: Thay mới pano quảng cáo thép Tây Đô | E79: =3600000/1.08 -> 3333333.3 | I79: 45491 | J79: Tân
A80: 12 | B80: Dây treo cờ | E80: 780000 | I80: 45509
A81: 13 | B81: Mua sắm 05 cây Phượng và 02 cây Bàng Đài Loan | E81: 12000000 | I81: 45551 | J81: Sơn Hà
A82: 14 | B82: In backdrop, standee cho lễ phát động ATVSLĐ | E82: 432000 | I82: 45529 | J82: Trân
A83: 15 | B83: Trang trí tết Trung thu | E83: 2214000 | G83: 2214000 | I83: 45544 | J83: Trân
A84: 16 | B84: Băng rôn PCCC | E84: 241000 | I84: 45589 | J84: Nguyên
B85: Thay mới Pano quảng cáo thép Tây Đô IP1-8 | E85: 294200 | I85: 45615 | J85: Hải
B86: Lắp đặt Pano thông tin tại các vị trí mặt bằng cho thuê quảng cáo | E86: 3523000 | I86: 45615 | J86: Hải
B87: Thay mới Pano quảng cáo VietjetAir | E87: 558000 | I87: 45628 | J87: Hải

Sheet 627817
A2: STT | B2: Danh mục | C2: Mã khoản mục chi phí | D2: ĐƯỢC DUYỆT | E2: BỔ SUNG | F2: THỰC HIỆN | G2: CÒN LẠI/ TIẾN ĐỘ | H2: QUY MÔ | I2: NGƯỜI THỰC HIỆN | J2: MỤC LỤC
B3: =VLOOKUP(C3,'TỔNG HỢP'!$C$4:$P$84,14,0) -> Chi phí cấp phép an ninh, vận hành trang thiết bị | C3: 627817 | D3: =VLOOKUP(C3,'TỔNG HỢP'!$C$4:$P$84,3,0) -> 105000000 | F3: =SUM(F4:F889) -> 0
A21: 1 | B21: Thuê dịch vụ hoàn tất hồ sơ thủ tục PCCC cho công trình cải tạo nhà ga tạm | E21: 83000000 | G21: Xin bổ sung | H21: 45366 | I21: Tân

Sheet 627818
A2: STT | B2: Danh mục | C2: Mã khoản mục chi phí | D2: ĐƯỢC DUYỆT | E2: BỔ SUNG | F2: SỐ TIỀN ĐÃ/ ĐANG THỰC HIỆN | G2: CÒN LẠI/ TIẾN ĐỘ | H2: QUY MÔ | I2: NGƯỜI THỰC HIỆN | J2: MỤC LỤC
B3: =VLOOKUP(C3,'TỔNG HỢP'!$C$4:$P$84,14,0) -> Công tác PCCC | C3: 627818 | D3: =VLOOKUP(C3,'TỔNG HỢP'!$C$4:$P$84,3,0) -> 160000000 | F3: =SUM(F4:F889) -> 0
A21: 1
A22: 2

Sheet 627826
A2: STT | B2: Danh mục | C2: Mã khoản mục chi phí | D2: ĐƯỢC DUYỆT | E2: BỔ SUNG | F2: THỰC HIỆN | G2: CÒN LẠI/ TIẾN ĐỘ | H2: NGÀY | I2: NGƯỜI THỰC HIỆN | J2: MỤC LỤC
B3: Chi cho công tác an ninh, an toàn hàng không | C3: 627826 | D3: =VLOOKUP(C3,'TỔNG HỢP'!$C$4:$P$84,3,0) -> 245000000 | F3: =SUM(F4:F895) -> 16837320 | G3: =D3-F3 -> 228162680
B4: 26 tay lưới bắt chim | F4: 7200000
B5: Diễn tập khẩn nguy cấp cơ sở tình huống cháy xe buýt | F5: 9637320 | H5: 46316 | I5: Nguyên
B18: Mua bao thẻ KSAN ngắn hạn | E18: =1250000+450000 -> 1700000
B19: Mua Văn phòng phẩm dùng để in, photo đóng cuốn sổ trực an ninh quý 1/2025 | E19: =2679000/1.08+390000/1.1 -> 2835101
B20: BT Công nợ: Đo đạc, đánh giá An toàn bức xạ ( Kiểm xạ) cho thiết bị bức xạ ( máy soi và máy dò tìm chất nổ) (kiểm xạ) cho thiết bị bức xạ ( máy soi và máy dò tìm chất nổ) | E20: 30400000 | I20: TSN chuyển chi phí
B21: Thay Decal bảng niêm yết và bảng trình chiếu | E21: 1404000 | H21: 45722 | I21: Ấn
B22: Mua bao thẻ KSAN ngắn hạn | E22: 1230000 | H22: 45834 | I22: Danh
B23: Mua Văn phòng phẩm dùng để in, photo đóng cuốn sổ trực an ninh quý 2/2025 | E23: 3679000 | H23: 45834 | I23: Danh
B24: Hỗ trợ kinh phí huấn luyện an ninh tự vệ | E24: 5960000 | H24: 45821 | I24: Duy Hùng
B25: Dụng cụ kiểm soát chim và động vật hoang dã | E25: 12200000 | H25: 45979 | I25: Tân
A27: 1 | B27: Mua bao thẻ KSAN ngắn hạn | E27: =1194444+450000 -> 1644444 | H27: 45391 | I27: Công Cường | J27: An Bình
A28: 2 | B28: Mua Văn phòng phẩm dùng để in, photo đóng cuốn sổ trực an ninh quý 2/2024 | E28: 1920000 | H28: 45397 | I28: Công Cường | J28: An Bình
A29: 3 | B29: Xử lý các chướng ngại vật tự nhiên, hạ độ cao, chặt cây cối | E29: 27000000 | H29: 13/524 | I29: Hoàng Khởi
A30: 4 | B30: Mua Văn phòng phẩm dùng để in, photo đóng cuốn sổ trực an ninh quý 3/2024 | E30: 2920000 | H30: 45481 | I30: Công Cường | J30: An Bình
A31: 5 | B31: Mua bao thẻ KSAN ngắn hạn | E31: =1194444+450000 -> 1644444 | H31: 45481 | I31: Công Cường | J31: An Bình
A32: 6 | B32: Mua Văn phòng phẩm dùng để in, photo đóng cuốn sổ trực an ninh quý 4/2024 | E32: =2572000/1.08+624000/1.1 -> 2948754.2 | H32: 45573 | I32: Công Cường | J32: An Bình
A33: 7 | B33: Mua bao thẻ KSAN ngắn hạn | E33: =1350000/1.08+495000/1.1 -> 1700000 | H33: 45573 | I33: Công Cường | J33: An Bình
A34: 8 | B34: Tổ chức diễn tập khẩn nguy cấp cơ sở | E34: 29465436 | H34: 45646
Z63: /

Sheet 6412
A2: STT | B2: Danh mục | C2: Mã khoản mục chi phí | D2: ĐƯỢC DUYỆT | E2: BỔ SUNG | F2: THỰC HIỆN | G2: CÒN LẠI/ TIẾN ĐỘ | H2: Ngày | I2: NGƯỜI THỰC HIỆN | J2: MỤC LỤC
B3: Chi phí nguyên vật liệu, bao bì | C3: 6412 | D3: =VLOOKUP(C3,'TỔNG HỢP'!$C$4:$P$84,3,0) -> 70000000 | F3: =SUM(F4:F892) -> 65842500 | G3: =D3-F3 -> 4157500
B4: Mua ly nhựa nắp nhựa | F4: 19470500 | H4: 46106 | I4: Thu Lan
A5: bb | B5: Túi nilong tự phân hủy có in logo phục vụ bán hàng | F5: 28380000 | H5: 46119 | I5: Thu Lan
B6: Mua ly giấy nắp cầu (10.000 cái) | F6: 14742000 | H6: 46156 | I6: Thu Lan
A7: bb | B7: In bao bì giấy kèm tăm tre (50.000 cây) | E7: =30000*64.8 -> 1944000 | F7: 3250000 | G7: =30000*64.8 -> 1944000 | H7: 46260 | I7: Tú
B8: Mua ly nhựa nắp nhựa | E8: 24630000 | G8: chuyển | H8: 46290 | I8: Thu Lan
B17: In Quyển Order ghi phiếu đóng gói 2 liên | C17: 6321 | E17: =7560000/1.08 -> 7000000 | H17: 45699
B18: In bao bì giấy tăm tre | E18: 1800000 | H18: 45699 | I18: Thu Lan
B19: Mua Ly, nắp nhựa, ống hút, túi nilong các loại | E19: 17515000 | H19: 45699 | I19: Thu Lan
B20: Túi nilong tự phân hủy có in logo phục vụ bán hàng | E20: 25590000 | H20: 45708 | I20: Loan
B21: In bao giấy đựng muỗng đũa | E21: 10800000 | H21: 45821 | I21: Thu Lan
B22: Mua ly, nắp nhựa | E22: 14500000 | H22: 45827 | I22: Thu Lan
B23: Mua ly, nắp nhựa | E23: 14742000 | H23: 45882 | I23: Thu Lan
B24: Mua ly, nắp nhựa | E24: 13814500 | H24: 45946 | I24: Thu Lan
B25: Túi nilong tự phân hủy có in logo phục vụ bán hàng | E25: 17000000 | H25: 45423 | I25: Tú
B26: In ly giấy theo thiết kế + nắp cầu | E26: 12886620 | H26: 45471 | I26: Tú
B27: In bao giấy đựng muỗng đũa | E27: 10800000 | G27: 10800000 | H27: 45551 | I27: Tú
B28: In bao bì giấy kèm tăm tre | E28: =30000*64.8 -> 1944000 | G28: =30000*64.8 -> 1944000 | H28: 45551 | I28: Tú
C32: 6321

Sheet 6413
A2: STT | B2: Danh mục | C2: Mã khoản mục chi phí | D2: ĐƯỢC DUYỆT | E2: BỔ SUNG | F2: SỐ TIỀN ĐÃ/ ĐANG THỰC HIỆN | G2: CÒN LẠI/ TIẾN ĐỘ | H2: QUY MÔ | I2: NGƯỜI THỰC HIỆN | J2: MỤC LỤC
B3: Chi phí công cụ dụng cụ, đồ dùng | C3: 6413 | D3: =VLOOKUP(C3,'TỔNG HỢP'!$C$4:$P$84,3,0) -> 147000000 | F3: =SUM(F4:F889) -> 0 | G3: =D3-F3 -> 147000000
B19: Bộ 16 thẻ rung và chuông tự phục vụ 1 | E19: 3400000 | H19: 45722 | I19: Loan
B20: Bộ 16 thẻ rung và chuông tự phục vụ 2 | E20: 3400000 | H20: 45740 | I20: Loan
A21: 1 | B21: 200 thẻ xe | E21: 2160000 | H21: 45898 | I21: Lan
A22: 2 | B22: Máy xay và máy pha cà phê | E22: =47600000/1.08 -> 44074074 | H22: 45985
B23: 4 lò vi sóng 3 bếp từ | E23: 14630000 | H23: 45925 | I23: Lan

Sheet 6416
A2: STT | B2: Danh mục | C2: Mã khoản mục chi phí | D2: ĐƯỢC DUYỆT | E2: BỔ SUNG | F2: THỰC HIỆN | G2: CÒN LẠI/ TIẾN ĐỘ | H2: NGÀY | I2: NGƯỜI THỰC HIỆN | J2: MỤC LỤC
B3: =VLOOKUP(C3,'TỔNG HỢP'!$C$4:$P$84,14,0) -> Chi phí bảo dưỡng, sửa chữa | C3: 6416 | D3: =VLOOKUP(C3,'TỔNG HỢP'!$C$4:$P$84,3,0) -> 70000000 | F3: =SUM(F4:F889) -> 0 | G3: =D3-F3 -> 70000000
A21: 1 | B21: Thay thế vòi nước rửa chén quầy cà phê ga đi công cộng | E21: 927273 | H21: 45422 | I21: Thế Đức
A22: 2 | B22: Thay thế các đèn chiếu sáng quầy giải khát ga đi quốc nội | G22: 2613000 | H22: 45566 | I22: Công Đức

Sheet 641788
A2: STT | B2: Danh mục | C2: Mã khoản mục chi phí | D2: ĐƯỢC DUYỆT | E2: BỔ SUNG | F2: SỐ TIỀN ĐÃ/ ĐANG THỰC HIỆN | G2: CÒN LẠI/ TIẾN ĐỘ | H2: QUY MÔ | I2: NGƯỜI THỰC HIỆN | J2: MỤC LỤC
B3: Chi phí dịch vụ thuê/mua ngoài khác | C3: 641788 | D3: ='TỔNG HỢP'!E85 -> 147000000 | F3: =SUM(F4:F889) -> 9200000 | G3: =D3-F3 -> 137800000
B4: In Quyển Order ghi phiếu đóng gói 2 liên | F4: 9200000 | H4: 46174
B20: Thay pano quảng cáo Khách sạch VICTORIA tại IP1-13 | E20: 836000 | H20: 45757 | I20: Hải
A21: 1 | B21: Thuê dịch vụ cung ứng lao động 2024 | E21: 440000000 | H21: 45316 | I21: Thanh Hải
A22: 2

Sheet 627804
A2: STT | B2: Danh mục | C2: Mã khoản mục chi phí | D2: ĐƯỢC DUYỆT | E2: BỔ SUNG | F2: THỰC HIỆN | G2: CÒN LẠI/ TIẾN ĐỘ | H2: Ngày | I2: NGƯỜI THỰC HIỆN | J2: MỤC LỤC
B3: Chi phí bảo hộ lao động | C3: 627804 | D3: =VLOOKUP(C3,'TỔNG HỢP'!$C$4:$P$84,3,0) -> 546000000 | F3: =SUM(F4:F889) -> 517395000 | G3: =D3-F3 -> 28605000
